,LONGITUDE,LATITUDE,DISCOVERY_DATE,CONT_DATE,max_FIRE_SIZE,min_FIRE_SIZE,FOD_ID_cnt,diff_FIRE_SIZE
0,-123.943617,40.476117,10/28/2015,10/28/2015,0.01,0.01,18,0.0
1,-120.850714,38.641597,7/16/2006,7/17/2006,13.8,0.1,14,13.700000000000001
2,-121.607969,39.806769,11/28/2003,11/28/2003,0.1,0.1,11,0.0
3,-123.16388888,39.67805555,10/28/2005,10/28/2005,0.1,0.1,11,0.0
4,-120.71,38.29305555,5/17/2007,missing date,7.0,1.0,9,6.0
5,-122.253431,38.4849,6/22/2003,6/22/2003,0.3,0.2,8,0.09999999999999998
6,-116.797289,32.564939,7/25/2001,7/25/2001,0.1,0.1,8,0.0
7,-120.80694444,38.22888888,10/21/2004,10/21/2004,3.0,0.1,8,2.9
8,-119.812031,37.490695,9/27/2016,missing date,1.1,1.1,8,0.0
9,-121.39888888,39.215,8/13/2006,8/13/2006,20.0,0.1,7,19.9
10,-122.075711,40.308811,10/22/2002,10/22/2002,0.1,0.1,7,0.0
11,-122.361433,40.338577,5/11/2012,missing date,1.0,0.14,7,0.86
12,-120.75388888,36.84305555,6/13/2005,6/13/2005,10.0,10.0,7,0.0
13,-123.43888888,39.58611111,9/15/2005,9/15/2005,5.0,0.3,7,4.7
14,-121.588624,39.835829,10/17/2017,10/17/2017,0.5,0.01,6,0.49
15,-122.97611111,38.71194444,10/28/2006,missing date,5.0,0.3,6,4.7
16,-124.0108,41.5322,7/8/2015,7/8/2015,2.1,0.1,6,2.0
17,-122.708144,38.303796,10/25/2010,missing date,0.25,0.01,6,0.24
18,-123.25805555,39.82388888,9/30/2006,9/30/2006,1.0,0.1,6,0.9
19,-121.666639,39.821269,7/20/2004,7/20/2004,0.1,0.1,6,0.0
20,-119.163717,36.562886,5/21/2007,5/21/2007,1.0,1.0,6,0.0
21,-119.304,37.097359,7/30/2016,missing date,0.28,0.03,6,0.25
22,-123.773733,41.25475,7/14/2016,7/14/2016,0.25,0.03,6,0.22
23,-120.35083333,38.86833333,7/26/2009,7/26/2009,0.1,0.1,6,0.0
24,-120.9,38.15611111,10/13/2002,10/13/2002,0.1,0.1,6,0.0
25,-121.16805555,37.45694444,5/18/2002,5/19/2002,147.0,147.0,6,0.0
26,-121.24194444,37.42388888,5/10/2007,missing date,10.0,10.0,6,0.0
27,-121.351517,39.506,6/22/2009,missing date,2.0,0.25,6,1.75
28,-121.035,38.79111111,9/28/2005,9/28/2005,1.0,0.1,5,0.9
29,-121.34176,39.328548,7/31/2009,missing date,6.8,0.1,5,6.7
30,-120.465137,37.632462,6/13/2010,6/13/2010,1.0,0.1,5,0.9
31,-121.96611111,39.76055556,9/4/2002,9/4/2002,0.1,0.1,5,0.0
32,-122.99888888,38.75805555,7/10/2004,7/11/2004,4.0,0.1,5,3.9
33,-123.57905,39.453983,7/21/2011,missing date,1.0,1.0,5,0.0
34,-119.045,35.94305555,7/15/2003,7/15/2003,0.5,0.1,5,0.4
35,-119.411486,37.047503,9/7/2015,missing date,0.5,0.01,5,0.49
36,-121.589039,39.821111,7/10/2002,7/10/2002,0.1,0.1,5,0.0
37,-121.03194444,40.34388888,6/23/2008,missing date,0.1,0.1,5,0.0
38,-121.7314,39.705483,9/11/2012,missing date,0.45,0.02,5,0.43
39,-122.402555,40.013681,6/1/2013,missing date,1.0,0.25,5,0.75
40,-122.123209,39.906799,10/3/2014,10/3/2014,0.3,0.1,5,0.19999999999999998
41,-121.75388888,39.37,9/1/2004,9/1/2004,0.1,0.1,5,0.0
42,-122.17388888,39.90611111,6/18/2007,missing date,0.2,0.1,5,0.1
43,-120.36805555,37.955,7/24/2004,7/24/2004,0.1,0.1,5,0.0
44,-116.8342,32.6001,8/2/2001,8/2/2001,0.1,0.1,5,0.0
45,-121.92388888,41.95305555,6/11/2008,missing date,0.1,0.1,5,0.0
46,-117.112019,33.409369,1/8/2001,1/8/2001,0.1,0.1,5,0.0
47,-120.78611111,37.835,6/6/2005,6/6/2005,19.5,0.1,5,19.4
48,-116.8253,32.5631,7/12/2001,7/12/2001,0.1,0.1,5,0.0
49,-120.50805555,37.84305555,9/4/2006,missing date,4.0,0.5,5,3.5
50,-118.97305555,36.10194444,5/13/2002,5/13/2002,4.0,0.4,4,3.6
51,-122.46194444,38.16388888,6/23/2002,6/23/2002,0.1,0.1,4,0.0
52,-123.6512,41.0832,9/21/2002,10/11/2002,177.0,1.0,4,176.0
53,-123.233855,39.365926,10/7/2015,10/7/2015,0.01,0.01,4,0.0
54,-118.78358,36.03053,10/21/2007,10/21/2007,0.5,0.1,4,0.4
55,-122.2002,38.1695,3/13/2013,3/13/2013,1.5,0.3,4,1.2
56,-117.12694444,33.05805555,10/3/2001,10/3/2001,0.1,0.1,4,0.0
57,-122.713715,38.321327,8/17/2012,missing date,1.0,1.0,4,0.0
58,-119.28802,36.731288,8/27/2017,missing date,53.8,0.1,4,53.699999999999996
59,-116.796969,32.575961,7/25/2001,7/25/2001,0.1,0.1,4,0.0
60,-120.567719,38.069019,9/30/2001,9/30/2001,3.0,0.1,4,2.9
61,-119.661768,37.336271,5/28/2014,5/28/2014,0.1,0.1,4,0.0
62,-123.0,41.0,8/11/2019,8/12/2019,0.1,0.1,4,0.0
63,-123.61277778,40.94805556,6/24/2001,6/24/2001,0.1,0.1,4,0.0
64,-120.275,38.05694444,7/20/2004,7/20/2004,0.1,0.1,4,0.0
65,-122.60388888,38.61388888,7/7/2003,7/7/2003,0.1,0.1,4,0.0
66,-122.43305555,40.00888888,10/24/2003,10/24/2003,11.0,1.0,4,10.0
67,-121.04888888,38.43111111,5/26/2004,5/26/2004,0.3,0.3,4,0.0
68,-121.523469,39.715236,8/30/2015,8/30/2015,0.1,0.1,4,0.0
69,-123.6512,41.0332,8/3/2001,8/3/2001,0.1,0.1,4,0.0
70,-120.445472,37.726566,8/31/2010,8/31/2010,40.0,1.0,4,39.0
71,-122.24888888,41.255,9/7/2006,9/7/2006,0.5,0.1,4,0.4
72,-120.89388888,38.33888888,4/14/2008,missing date,1.0,1.0,4,0.0
73,-121.576567,39.894183,6/27/2017,6/27/2017,0.01,0.01,4,0.0
74,-124.1397,41.7122,6/29/2018,6/29/2018,0.1,0.1,4,0.0
75,-122.145269,39.938649,7/17/2012,missing date,1.0,1.0,4,0.0
76,-121.27805555,37.48611111,5/12/2003,5/12/2003,0.2,0.2,4,0.0
77,-121.063997,39.155364,7/29/2005,7/29/2005,0.1,0.1,4,0.0
78,-121.39888888,39.43194444,9/12/2004,9/12/2004,1.0,0.2,4,0.8
79,-118.2876,34.6747,7/4/2006,missing date,4.0,0.11,4,3.89
80,-122.52888888,38.235,4/25/2004,4/25/2004,0.1,0.1,4,0.0
81,-119.04388888,35.79805555,7/15/2003,7/15/2003,37.0,0.2,4,36.8
82,-120.49388888,38.12805555,7/16/2003,7/16/2003,4.5,0.1,4,4.4
83,-123.6845,41.0665,7/4/2001,7/4/2001,1.0,0.1,4,0.9
84,-118.80614,36.0285,8/12/2008,8/12/2008,0.1,0.1,4,0.0
85,-120.220961,38.0276,6/14/2002,6/14/2002,0.1,0.1,4,0.0
86,-119.41305555,36.34888888,7/4/2005,7/4/2005,0.2,0.2,4,0.0
87,-122.55185,40.512089,6/10/2004,6/10/2004,34.0,0.1,4,33.9
88,-122.199885,39.815183,5/11/2012,missing date,8.3,2.5,4,5.800000000000001
89,-121.645189,39.894789,9/15/2003,9/15/2003,0.1,0.1,4,0.0
90,-121.047576,39.22927,8/17/2020,missing date,2.0,1.0,4,1.0
91,-122.23111111,40.73111111,12/3/2005,12/3/2005,0.1,0.1,4,0.0
92,-119.551529,37.234647,8/8/2017,missing date,0.25,0.25,4,0.0
93,-120.917358,39.095192,8/28/2007,8/28/2007,0.1,0.1,3,0.0
94,-122.712523,38.299247,6/28/2010,missing date,46.0,0.6,3,45.4
95,-123.27611111,39.83888888,8/19/2001,8/19/2001,70.0,1.0,3,69.0
96,-124.1461,41.7044,7/25/2015,7/26/2015,0.4,0.1,3,0.30000000000000004
97,-121.83305555,39.70888888,6/19/2010,missing date,2.0,1.0,3,1.0
98,-124.0108,41.5322,4/19/2015,4/19/2015,0.5,0.2,3,0.3
99,-122.124439,39.985189,7/12/2011,missing date,3.0,1.0,3,2.0
100,-120.5651,36.1109,6/4/2005,6/4/2005,3.0,0.1,3,2.9
101,-122.400461,40.524839,8/30/2004,8/30/2004,1.0,0.8,3,0.19999999999999996
102,-120.04694444,36.975,10/7/2003,10/7/2003,0.2,0.1,3,0.1
103,-122.19194444,38.04111111,10/24/2008,missing date,1.0,0.3,3,0.7
104,-120.67,40.315,7/11/2007,missing date,0.2,0.1,3,0.1
105,-120.82805555,38.20805555,5/16/2007,missing date,10.0,1.0,3,9.0
106,-121.715938,39.642272,4/15/2009,missing date,1.0,0.5,3,0.5
107,-124.1561,41.7292,7/4/2018,7/4/2018,0.1,0.1,3,0.0
108,-123.72611111,41.2,2/11/2004,2/11/2004,5.0,1.2,3,3.8
109,-121.77194444,39.37,9/1/2004,9/1/2004,0.1,0.1,3,0.0
110,-124.1561,41.7458,8/5/2018,8/5/2018,0.1,0.1,3,0.0
111,-120.84194444,41.39305555,9/24/2003,9/24/2003,3.0,0.8,3,2.2
112,-119.86694444,36.93111111,8/7/2003,8/7/2003,0.1,0.1,3,0.0
113,-119.22388888,35.92805555,7/2/2005,7/2/2005,3.0,0.3,3,2.7
114,-121.4261,39.2044,8/13/2006,8/13/2006,1.0,1.0,3,0.0
115,-116.79705,32.606689,11/2/2001,11/2/2001,0.1,0.1,3,0.0
116,-120.272203,37.814247,7/11/2006,7/11/2006,1.0,1.0,3,0.0
117,-123.263608,39.809777,7/10/2010,7/10/2010,0.1,0.1,3,0.0
118,-120.73388888,38.38805555,7/8/2003,7/8/2003,0.1,0.1,3,0.0
119,-120.938567,37.617618,6/7/2018,missing date,0.87,0.01,3,0.86
120,-120.13805555,37.12,6/20/2003,6/20/2003,0.1,0.1,3,0.0
121,-123.7556,41.2082,7/4/2004,7/4/2004,0.1,0.1,3,0.0
122,-123.149311,39.131519,8/29/2001,8/29/2001,0.5,0.5,3,0.0
123,-122.495,40.51,8/30/2004,8/30/2004,0.8,0.5,3,0.30000000000000004
124,-120.900681,38.692919,7/27/2003,7/27/2003,0.1,0.1,3,0.0
125,-121.43694444,39.50388888,10/27/2001,10/27/2001,0.3,0.3,3,0.0
126,-121.785904,39.701065,6/30/2012,missing date,0.1,0.1,3,0.0
127,-119.04388888,36.04388888,7/13/2003,7/13/2003,0.1,0.1,3,0.0
128,-120.04694444,36.975,9/23/2006,9/23/2006,0.5,0.1,3,0.4
129,-120.275661,38.027689,6/11/2005,6/11/2005,0.1,0.1,3,0.0
130,-116.640533,33.92375,7/1/2013,7/1/2013,0.1,0.1,3,0.0
131,-123.82305555,40.96388888,8/6/2006,8/6/2006,4.0,1.0,3,3.0
132,-123.279769,39.296418,7/8/2010,7/8/2010,27.5,2.0,3,25.5
133,-121.59305555,37.09305555,8/14/2002,8/14/2002,0.1,0.1,3,0.0
134,-119.44805555,36.48111111,5/12/2001,5/12/2001,3.0,0.5,3,2.5
135,-121.58888888,39.76305555,8/5/2004,8/5/2004,0.5,0.5,3,0.0
136,-120.04694444,36.98888888,7/4/2003,7/4/2003,0.3,0.1,3,0.19999999999999998
137,-120.66694444,36.69888888,8/23/2003,8/23/2003,2.0,1.0,3,1.0
138,-120.80694444,38.2,9/14/2005,9/14/2005,0.1,0.1,3,0.0
139,-123.28166667,40.58166667,9/3/2003,9/3/2003,0.1,0.1,3,0.0
140,-120.9,38.33194444,7/22/2003,7/22/2003,30.0,5.0,3,25.0
141,-121.717989,39.799386,8/20/2011,missing date,1.3,0.25,3,1.05
142,-117.45194444,33.6525,5/29/2006,5/29/2006,0.1,0.01,3,0.09000000000000001
143,-121.58888888,39.63305555,6/9/2004,6/9/2004,0.2,0.2,3,0.0
144,-121.537283,39.496767,11/29/2013,11/29/2013,12.8,1.0,3,11.8
145,-123.43805555,39.41305555,8/30/2006,8/30/2006,27.0,0.1,3,26.9
146,-116.866611,32.589919,9/6/2001,9/6/2001,0.1,0.1,3,0.0
147,-119.26888888,36.14611111,6/6/2004,6/6/2004,0.5,0.1,3,0.4
148,-121.781665,39.698153,9/19/2011,missing date,1.0,1.0,3,0.0
149,-121.040992,38.915875,7/21/2006,7/21/2006,0.1,0.1,3,0.0
150,-121.686088,39.728727,9/27/2012,9/27/2012,3.3,0.4,3,2.9
151,-123.82611111,40.23305555,5/28/2001,5/28/2001,1.0,0.1,3,0.9
152,-122.709656,38.297559,6/28/2010,missing date,20.0,4.0,3,16.0
153,-124.087733,41.551533,5/9/2013,5/9/2013,0.3,0.1,3,0.19999999999999998
154,-121.588689,39.849939,4/24/2004,4/24/2004,0.3,0.3,3,0.0
155,-122.141249,39.916928,9/4/2011,missing date,1.0,1.0,3,0.0
156,-120.832006,38.212906,9/3/2007,9/3/2007,3.5,0.1,3,3.4
157,-120.91694444,37.93805555,8/28/2004,8/28/2004,1.0,1.0,3,0.0
158,-119.2771,35.92831,5/11/2005,5/11/2005,0.1,0.1,3,0.0
159,-120.065,36.975,4/24/2004,4/24/2004,0.5,0.1,3,0.4
160,-121.61111111,37.09305555,6/24/2001,6/24/2001,0.2,0.1,3,0.1
161,-123.02194444,41.67805555,7/24/2006,7/24/2006,0.3,0.1,3,0.19999999999999998
162,-120.42305555,37.955,10/12/2005,10/12/2005,2.0,0.1,3,1.9
163,-121.68805555,39.425,4/4/2009,missing date,1.0,1.0,3,0.0
164,-120.41805555,37.975,3/28/2008,missing date,1.0,1.0,3,0.0
165,-123.48611111,39.67305555,1/22/2006,1/22/2006,0.5,0.1,3,0.4
166,-121.593467,39.636433,10/6/2016,10/7/2016,1.0,0.21,3,0.79
167,-117.086954,33.458184,12/20/2015,12/20/2015,0.1,0.1,3,0.0
168,-114.801261,33.125739,9/10/2004,9/10/2004,2.0,1.0,3,1.0
169,-122.504113,38.24402,8/16/2015,missing date,0.1,0.01,3,0.09000000000000001
170,-119.11515,36.564989,7/5/2003,7/5/2003,0.1,0.1,3,0.0
171,-121.06805555,38.19805555,7/28/2007,missing date,27.0,2.0,3,25.0
172,-122.10805555,38.09194444,7/4/2003,7/4/2003,6.0,0.1,3,5.9
173,-123.126175,39.245674,6/8/2012,missing date,7.0,0.1,3,6.9
174,-118.97305555,36.05888888,7/4/2003,7/4/2003,6.0,0.1,3,5.9
175,-117.37098,33.994496,9/27/2016,missing date,0.25,0.01,3,0.24
176,-121.68805555,39.34805555,8/21/2009,missing date,1.0,0.1,3,0.9
177,-121.54,39.41694444,10/8/2006,missing date,1.0,1.0,3,0.0
178,-122.395,39.93694444,10/1/2001,10/1/2001,238.0,10.0,3,228.0
179,-119.648219,37.293559,6/27/2017,6/27/2017,0.2,0.1,3,0.1
180,-120.882181,38.692931,6/28/2004,6/28/2004,1.0,0.1,3,0.9
181,-119.42024056,35.91339357,5/29/2004,5/29/2004,0.1,0.1,3,0.0
182,-121.20111111,38.77388888,7/26/2005,7/26/2005,3.0,0.3,3,2.7
183,-118.73961,36.04361,5/30/2009,5/30/2009,0.1,0.1,3,0.0
184,-120.721098,36.77791,8/22/2015,missing date,1.25,0.25,3,1.0
185,-122.515,40.51,8/30/2004,8/30/2004,0.8,0.5,3,0.30000000000000004
186,-122.647511,41.793631,7/25/2004,7/25/2004,0.1,0.1,3,0.0
187,-122.12147249,40.27933516,8/15/2020,missing date,0.1,0.1,3,0.0
188,-119.33111111,35.95694444,6/9/2001,6/9/2001,0.4,0.4,3,0.0
189,-118.501,34.7599,8/27/2006,missing date,4.0,3.0,3,1.0
190,-122.48,38.15,6/22/2002,6/22/2002,0.1,0.1,3,0.0
191,-123.6678,41.0499,8/10/2001,8/10/2001,2.0,0.1,3,1.9
192,-123.6678,41.0499,7/8/2001,7/8/2001,0.5,0.5,3,0.0
193,-121.57111111,39.81444444,6/24/2014,6/25/2014,0.75,0.01,3,0.74
194,-118.2994,33.9382,6/19/2009,missing date,0.11,0.11,3,0.0
195,-119.389619,37.038315,7/13/2015,missing date,0.25,0.01,3,0.24
196,-121.79611111,39.675,9/8/2004,9/8/2004,0.3,0.3,3,0.0
197,-123.0,41.0,8/11/2019,8/11/2019,0.1,0.1,3,0.0
198,-116.83,32.5601,7/12/2001,7/12/2001,0.1,0.1,3,0.0
199,-121.572283,39.83925,11/5/2018,11/5/2018,0.01,0.01,3,0.0
200,-119.6489,37.300488,10/15/2017,10/16/2017,0.13,0.01,3,0.12000000000000001
201,-122.335,40.85138889,6/17/2006,6/17/2006,0.1,0.1,3,0.0
202,-121.603775,39.813708,7/27/2007,7/27/2007,1.0,1.0,3,0.0
203,-116.8264,32.5628,7/12/2001,7/12/2001,0.1,0.1,2,0.0
204,-123.6845,41.0665,6/21/2002,6/22/2002,2.5,1.0,2,1.5
205,-119.47388888,36.73194444,8/14/2007,missing date,1.0,1.0,2,0.0
206,-122.05,38.483333,7/21/2018,missing date,1.0,0.01,2,0.99
207,-122.677505,39.020779,10/8/2015,missing date,0.15,0.03,2,0.12
208,-118.1425,34.6712,2/12/2006,missing date,0.21,0.21,2,0.0
209,-123.6845,41.0665,6/21/2001,6/21/2001,0.1,0.1,2,0.0
210,-122.05,38.016666,6/7/2020,missing date,1.0,0.5,2,0.5
211,-118.1907,34.0202,10/7/2008,missing date,0.5,0.21,2,0.29000000000000004
212,-120.72583333,38.94305556,8/11/2017,8/11/2017,1.0,0.1,2,0.9
213,-123.6845,41.0665,6/18/2002,6/18/2002,2.0,0.5,2,1.5
214,-117.516666,34.066666,6/8/2020,missing date,0.1,0.1,2,0.0
215,-119.5981,36.547017,9/6/2013,9/6/2013,1.0,1.0,2,0.0
216,-121.461144,39.528251,9/25/2013,9/26/2013,0.1,0.1,2,0.0
217,-121.382972,38.637201,7/1/2016,missing date,0.25,0.25,2,0.0
218,-123.7012,41.0999,7/14/2001,7/14/2001,5.0,0.1,2,4.9
219,-121.16972222,41.7675,7/10/2001,7/10/2001,24.0,0.1,2,23.9
220,-120.57388888,35.48388888,8/30/2007,missing date,2.3,1.0,2,1.2999999999999998
221,-120.04666667,38.94,7/1/2005,7/2/2005,0.1,0.1,2,0.0
222,-123.685,39.60888888,10/1/2001,10/1/2001,6.0,0.3,2,5.7
223,-118.279,34.4935,11/9/2011,missing date,2.0,0.11,2,1.89
224,-117.0937,32.7041,10/23/2009,missing date,1.0,1.0,2,0.0
225,-121.85111111,36.52388888,9/17/2007,missing date,1.0,0.3,2,0.7
226,-119.01888888,36.18888888,8/7/2003,8/7/2003,4.0,0.3,2,3.7
227,-119.47111111,36.73111111,7/19/2010,missing date,1.0,1.0,2,0.0
228,-117.299772,33.787664,8/12/2007,8/12/2007,0.1,0.1,2,0.0
229,-121.60388888,39.50305555,10/15/2003,10/15/2003,1.0,1.0,2,0.0
230,-124.058333,40.461833,3/8/2015,3/8/2015,1.0,1.0,2,0.0
231,-119.145,36.30388888,8/2/2002,8/2/2002,0.1,0.1,2,0.0
232,-123.262808,39.809743,6/19/2010,6/19/2010,0.5,0.1,2,0.4
233,-117.515,34.071,5/5/2009,missing date,0.3,0.2,2,0.09999999999999998
234,-117.39194444,34.01194444,6/20/2006,6/20/2006,4.0,0.2,2,3.8
235,-123.52694444,40.21694444,9/3/2003,9/3/2003,0.1,0.1,2,0.0
236,-121.804605,37.655992,6/11/2020,missing date,0.25,0.01,2,0.24
237,-120.36805555,37.97,7/23/2003,7/23/2003,0.3,0.2,2,0.09999999999999998
238,-116.388267,33.845447,7/29/2007,7/29/2007,0.1,0.1,2,0.0
239,-121.552031,39.821319,8/21/2001,8/21/2001,0.1,0.1,2,0.0
240,-121.26888888,39.44694444,11/27/2002,11/27/2002,0.5,0.5,2,0.0
241,-122.37671,37.734891,5/1/2010,missing date,1.0,1.0,2,0.0
242,-117.299772,33.787664,8/8/2007,8/8/2007,0.1,0.1,2,0.0
243,-120.8452,37.265,6/1/2015,6/1/2015,2.0,1.0,2,1.0
244,-122.67805555,38.90305555,8/15/2003,8/15/2003,7.0,5.0,2,2.0
245,-123.6845,41.0665,10/5/2001,10/5/2001,0.1,0.1,2,0.0
246,-120.368289,37.98435,9/19/2003,9/19/2003,0.1,0.1,2,0.0
247,-119.533333,35.316666,5/26/2020,missing date,20.2,20.0,2,0.1999999999999993
248,-121.632016,39.130853,10/29/2006,missing date,0.1,0.1,2,0.0
249,-122.38,37.25111111,11/21/2004,11/21/2004,1.0,0.1,2,0.9
250,-120.015,37.06805555,6/15/2009,missing date,1.0,1.0,2,0.0
251,-121.010154,38.446699,6/18/2018,6/18/2018,0.05,0.01,2,0.04
252,-120.94195,38.805169,6/9/2004,6/9/2004,10.0,4.0,2,6.0
253,-118.2761,34.7819,8/6/2006,missing date,6.0,1.0,2,5.0
254,-120.368289,37.98435,3/21/2004,3/21/2004,0.1,0.1,2,0.0
255,-116.39385,32.624081,5/29/2002,5/30/2002,1.5,0.2,2,1.3
256,-120.315298,36.24625,7/5/2016,7/5/2016,4.2,1.5,2,2.7
257,-122.62194444,41.67694444,8/15/2003,8/15/2003,0.5,0.5,2,0.0
258,-119.012499,36.106111,7/16/2017,7/16/2017,0.86,0.2,2,0.6599999999999999
259,-122.62194444,41.63194444,7/6/2007,missing date,1.0,1.0,2,0.0
260,-120.694881,38.647469,9/28/2003,9/28/2003,7.0,1.0,2,6.0
261,-115.5092,34.7556,7/4/2005,7/4/2005,5.0,3.6,2,1.4
262,-119.472356,37.089497,7/3/2015,missing date,0.01,0.01,2,0.0
263,-120.39388888,36.43694444,6/17/2008,missing date,1.0,1.0,2,0.0
264,-122.23111111,40.70194444,5/26/2006,5/26/2006,0.5,0.5,2,0.0
265,-120.28388888,37.14888888,7/19/2004,7/19/2004,0.3,0.1,2,0.19999999999999998
266,-118.41416667,34.32944444,7/1/2006,7/1/2006,0.1,0.1,2,0.0
267,-120.01777778,38.86916667,6/16/2001,6/16/2001,0.3,0.3,2,0.0
268,-120.315298,36.24625,4/26/2017,4/26/2017,1.0,0.5,2,0.5
269,-117.326383,33.985278,8/15/2016,missing date,0.12,0.01,2,0.11
270,-122.78888888,38.26305555,6/30/2009,missing date,0.2,0.1,2,0.1
271,-123.38305555,39.615,9/3/2003,9/3/2003,1.2,0.1,2,1.0999999999999999
272,-118.502135,34.116771,9/5/2011,missing date,40.0,22.0,2,18.0
273,-118.0985,34.7006,3/3/2007,missing date,0.11,0.11,2,0.0
274,-117.42638889,34.2425,7/25/2009,7/25/2009,0.1,0.1,2,0.0
275,-120.84554464,37.02029627,4/2/2002,4/2/2002,0.1,0.1,2,0.0
276,-115.489817,32.970713,2/19/2018,missing date,0.1,0.1,2,0.0
277,-118.80611111,36.15805555,7/13/2003,7/13/2003,38.0,1.0,2,37.0
278,-121.96305555,40.615,8/25/2004,8/25/2004,0.1,0.1,2,0.0
279,-118.0955,34.5752,6/19/2005,missing date,1.0,0.11,2,0.89
280,-120.43694444,41.50888888,7/29/2008,missing date,0.3,0.1,2,0.19999999999999998
281,-121.297067,36.380967,4/17/2015,4/17/2015,1.0,1.0,2,0.0
282,-123.6845,41.0665,6/10/2001,6/10/2001,0.1,0.1,2,0.0
283,-119.92111111,36.95888888,9/20/2005,9/20/2005,11.0,1.0,2,10.0
284,-118.8029,36.0288,6/29/2004,6/29/2004,1.0,0.1,2,0.9
285,-116.8289,32.6142,8/8/2001,8/8/2001,0.1,0.1,2,0.0
286,-116.8289,32.6128,8/8/2001,8/8/2001,0.1,0.1,2,0.0
287,-123.6845,41.0499,2/6/2001,2/6/2001,10.0,0.1,2,9.9
288,-116.39065,33.690267,8/6/2007,8/6/2007,0.1,0.1,2,0.0
289,-118.4126,34.3811,10/22/2006,missing date,1.0,1.0,2,0.0
290,-121.57888888,39.72,8/20/2008,missing date,5.0,0.3,2,4.7
291,-121.60305555,36.77305555,6/26/2007,missing date,5.0,1.0,2,4.0
292,-116.831111,32.605789,10/25/2001,10/25/2001,0.1,0.1,2,0.0
293,-119.145166,34.164878,11/9/2018,missing date,0.25,0.25,2,0.0
294,-123.7012,41.0832,7/21/2001,7/21/2001,0.5,0.2,2,0.3
295,-116.830981,32.635261,10/12/2001,10/12/2001,0.1,0.1,2,0.0
296,-123.6848,41.0635,8/21/2005,8/21/2005,1.0,0.5,2,0.5
297,-124.05388888,40.45305555,6/6/2001,6/6/2001,4.0,1.0,2,3.0
298,-119.754492,36.735922,6/7/2018,missing date,0.01,0.01,2,0.0
299,-120.9,38.33194444,6/17/2006,6/17/2006,7.0,1.0,2,6.0
300,-116.955667,32.66494,10/23/2007,missing date,50.0,1.0,2,49.0
301,-121.455,39.345,7/25/2003,7/25/2003,0.1,0.1,2,0.0
302,-118.291,33.9491,7/14/2006,missing date,0.11,0.11,2,0.0
303,-121.05611111,39.05111111,4/21/2005,4/21/2005,0.2,0.2,2,0.0
304,-120.984576,37.644481,10/31/2019,missing date,0.01,0.01,2,0.0
305,-117.461209,33.946427,3/20/2017,missing date,0.02,0.01,2,0.01
306,-115.1786,34.8144,8/21/2005,8/21/2005,0.1,0.1,2,0.0
307,-118.291,33.9401,7/2/2007,missing date,0.11,0.11,2,0.0
308,-121.1,39.11194444,7/9/2008,missing date,1.0,0.5,2,0.5
309,-117.33385,34.090297,7/10/2018,missing date,0.05,0.05,2,0.0
310,-117.086954,33.458184,1/1/2016,1/1/2016,0.1,0.1,2,0.0
311,-117.8437,34.5872,6/22/2005,missing date,1.11,0.21,2,0.9000000000000001
312,-124.108781,41.036181,7/6/2002,7/6/2002,0.1,0.1,2,0.0
313,-115.16817,33.660164,11/21/2016,11/21/2016,1.0,0.1,2,0.9
314,-121.693005,39.429533,5/21/2017,5/21/2017,0.01,0.01,2,0.0
315,-121.967346,37.253096,5/22/2008,missing date,0.1,0.1,2,0.0
316,-118.291,33.9284,5/14/2005,missing date,0.11,0.11,2,0.0
317,-121.58305555,39.13694444,7/30/2009,missing date,0.2,0.1,2,0.1
318,-118.183,34.0557,7/5/2005,missing date,1.3,0.21,2,1.09
319,-121.64181,38.673485,5/11/2013,missing date,0.1,0.1,2,0.0
320,-120.903678,36.943708,6/6/2010,6/6/2010,462.0,1.0,2,461.0
321,-116.955667,32.66494,10/24/2007,missing date,0.1,0.1,2,0.0
322,-119.463842,37.081848,9/3/2016,missing date,0.3,0.02,2,0.27999999999999997
323,-124.10611111,41.02111111,9/15/2002,9/15/2002,0.1,0.1,2,0.0
324,-117.84138889,34.28555556,8/16/2004,8/16/2004,0.1,0.1,2,0.0
325,-117.12888888,33.19,8/27/2004,8/27/2004,2.0,0.2,2,1.8
326,-119.463483,37.090878,6/16/2015,6/16/2015,3.0,0.01,2,2.99
327,-121.293322,38.984867,9/27/2009,missing date,0.25,0.1,2,0.15
328,-116.544917,33.976117,6/30/2013,6/30/2013,0.1,0.1,2,0.0
329,-120.965731,39.030594,2/10/2006,2/10/2006,0.1,0.1,2,0.0
330,-120.93805556,41.42055556,7/9/2001,7/9/2001,0.1,0.1,2,0.0
331,-121.09888889,41.98916667,9/17/2001,9/17/2001,1.0,0.1,2,0.9
332,-119.7497,37.7228,8/16/2005,8/17/2005,0.1,0.1,2,0.0
333,-120.93805556,41.57944444,7/10/2001,7/10/2001,0.1,0.1,2,0.0
334,-120.36388888,38.24611111,6/2/2007,missing date,1.0,0.2,2,0.8
335,-122.549274,38.212028,11/16/2013,missing date,2.7,0.1,2,2.6
336,-120.60388888,37.38194444,5/18/2002,5/18/2002,7.0,0.3,2,6.7
337,-120.60388888,37.38194444,5/21/2001,5/21/2001,0.1,0.1,2,0.0
338,-123.6839,41.0553,7/17/2016,7/17/2016,2.0,0.1,2,1.9
339,-117.53416667,33.67,6/16/2009,6/16/2009,1.0,1.0,2,0.0
340,-118.884899,36.108889,6/15/2014,6/15/2014,1.0,0.1,2,0.9
341,-117.03694444,33.22194444,5/7/2007,missing date,0.1,0.1,2,0.0
342,-123.6512,41.0832,11/5/2002,11/5/2002,0.1,0.1,2,0.0
343,-124.10888888,41.66388888,7/13/2002,7/18/2002,0.2,0.2,2,0.0
344,-123.6512,41.0332,8/1/2001,8/1/2001,0.2,0.1,2,0.1
345,-123.6512,41.0332,7/26/2001,7/26/2001,0.1,0.1,2,0.0
346,-119.125929,35.348763,9/18/2020,missing date,0.25,0.25,2,0.0
347,-124.1147,41.5958,7/5/2015,7/5/2015,0.1,0.1,2,0.0
348,-121.22717,37.954458,6/17/2010,missing date,1.5,0.1,2,1.4
349,-118.084,34.5727,7/6/2006,missing date,0.11,0.11,2,0.0
350,-117.156378,34.055619,7/2/2005,missing date,0.1,0.1,2,0.0
351,-121.01611111,37.10611111,8/16/2007,missing date,0.3,0.1,2,0.19999999999999998
352,-123.6512,41.0165,7/8/2001,7/8/2001,1.0,0.1,2,0.9
353,-117.13,33.41,1/8/2001,1/8/2001,0.1,0.1,2,0.0
354,-119.296935,36.348009,6/9/2018,missing date,0.1,0.02,2,0.08
355,-121.01611111,37.10611111,5/21/2009,missing date,1.0,1.0,2,0.0
356,-121.5987,39.810408,8/6/2007,8/6/2007,1.0,1.0,2,0.0
357,-117.23878,33.783389,7/8/2017,7/8/2017,0.5,0.01,2,0.49
358,-121.291915,37.996965,8/8/2016,missing date,0.1,0.01,2,0.09000000000000001
359,-120.32083333,41.435,7/14/2001,7/15/2001,11.0,0.1,2,10.9
360,-117.085,33.64,10/22/2008,missing date,1.0,1.0,2,0.0
361,-121.598476,36.990848,9/3/2017,missing date,100.0,100.0,2,0.0
362,-120.431636,37.698389,5/13/2006,5/13/2006,5.0,0.5,2,4.5
363,-117.335901,34.066618,7/26/2020,missing date,0.1,0.1,2,0.0
364,-122.704,38.298333,10/9/2016,missing date,0.25,0.25,2,0.0
365,-118.1814,33.902,7/4/2009,missing date,1.0,1.0,2,0.0
366,-121.583333,38.05,7/3/2019,missing date,0.1,0.01,2,0.09000000000000001
367,-120.966176,37.624498,8/24/2020,missing date,0.02,0.01,2,0.01
368,-120.966176,37.624498,8/28/2018,missing date,0.35,0.01,2,0.33999999999999997
369,-116.95611111,33.92611111,6/16/2003,6/16/2003,2.5,0.5,2,2.0
370,-123.6512,41.0332,7/21/2001,7/21/2001,0.3,0.1,2,0.19999999999999998
371,-123.23111111,38.67194444,7/12/2003,7/12/2003,0.3,0.1,2,0.19999999999999998
372,-119.74611111,36.7,7/4/2003,7/4/2003,3.0,1.0,2,2.0
373,-120.5274,37.848369,6/25/2003,6/25/2003,6.0,4.0,2,2.0
374,-120.93694444,39.18305555,4/21/2008,missing date,3.0,0.2,2,2.8
375,-122.23611111,38.30888888,7/22/2001,7/22/2001,2.0,0.1,2,1.9
376,-122.885,38.58111111,2/14/2006,missing date,1.0,0.5,2,0.5
377,-121.64194444,39.44388888,9/10/2006,9/10/2006,0.5,0.5,2,0.0
378,-116.9,34.22888889,10/1/2001,10/1/2001,0.1,0.1,2,0.0
379,-122.39,40.01611111,5/7/2007,missing date,1.0,0.1,2,0.9
380,-121.64194444,39.415,8/30/2001,8/30/2001,1.0,1.0,2,0.0
381,-121.547192,39.431056,6/2/2013,missing date,1.0,1.0,2,0.0
382,-122.942267,38.325883,8/8/2016,8/8/2016,3.85,0.19,2,3.66
383,-120.769189,38.590689,6/24/2001,6/24/2001,0.5,0.5,2,0.0
384,-119.125,36.14611111,8/16/2002,8/16/2002,0.7,0.5,2,0.19999999999999996
385,-116.89972222,34.2725,7/13/2002,7/13/2002,0.1,0.1,2,0.0
386,-122.70138889,40.8675,8/7/2006,8/7/2006,0.5,0.1,2,0.4
387,-121.508772,39.128481,6/14/2007,missing date,2.0,0.3,2,1.7
388,-120.63111111,35.34805555,9/22/2008,missing date,1.0,1.0,2,0.0
389,-122.33694444,41.27277778,7/16/2017,7/16/2017,0.1,0.1,2,0.0
390,-121.55,38.8,8/17/2016,missing date,7.0,3.0,2,4.0
391,-118.405,34.56027778,2/28/2005,2/28/2005,0.1,0.1,2,0.0
392,-122.46194444,38.16388888,8/3/2001,8/3/2001,0.1,0.1,2,0.0
393,-122.338222,40.505508,6/29/2006,6/29/2006,0.3,0.1,2,0.19999999999999998
394,-122.125289,38.496411,8/25/2002,8/25/2002,0.1,0.1,2,0.0
395,-122.206789,40.479086,9/6/2006,9/6/2006,2.0,2.0,2,0.0
396,-121.635052,37.121083,6/5/2020,missing date,1.2,1.0,2,0.19999999999999996
397,-119.303799,35.891889,5/29/2006,5/29/2006,50.0,5.0,2,45.0
398,-122.125128,37.868425,6/19/2017,missing date,16.0,16.0,2,0.0
399,-123.249506,39.050261,9/12/2009,9/12/2009,9.200000000000001,2.0,2,7.200000000000001
400,-118.94888888,36.36194444,10/13/2005,10/13/2005,0.2,0.1,2,0.1
401,-123.6845,41.0832,6/17/2002,6/17/2002,1.0,1.0,2,0.0
402,-123.6845,41.0832,7/17/2002,7/17/2002,1.0,0.5,2,0.5
403,-122.05,41.3,8/13/2001,8/13/2001,0.1,0.1,2,0.0
404,-120.900681,38.692919,9/25/2003,9/25/2003,0.1,0.1,2,0.0
405,-116.90305555,33.925,7/1/2002,7/1/2002,0.3,0.3,2,0.0
406,-122.46111111,38.37805555,6/24/2008,missing date,5.0,3.0,2,2.0
407,-124.08904,40.497365,8/13/2016,8/13/2016,0.5,0.5,2,0.0
408,-118.79981,36.02528,7/9/2013,7/9/2013,0.1,0.1,2,0.0
409,-121.38,39.44694444,6/25/2006,6/26/2006,2.0,2.0,2,0.0
410,-122.23388888,40.74694444,1/1/2007,missing date,1.0,0.4,2,0.6
411,-122.38333333,40.885,8/23/2006,8/23/2006,0.75,0.5,2,0.25
412,-121.295076,38.703747,8/7/2005,missing date,1.0,0.1,2,0.9
413,-120.318628,37.287941000000004,9/3/2017,9/3/2017,0.05,0.01,2,0.04
414,-123.6845,41.0665,9/30/2002,9/30/2002,0.1,0.1,2,0.0
415,-122.003337,38.315851,7/14/2005,missing date,35.0,4.0,2,31.0
416,-119.14305555,36.14611111,8/24/2004,8/24/2004,0.5,0.1,2,0.4
417,-123.6845,41.0665,7/8/2001,7/8/2001,0.1,0.1,2,0.0
418,-123.6845,41.0665,7/8/2002,7/8/2002,1.0,0.5,2,0.5
419,-123.6845,41.0665,7/9/2002,7/9/2002,0.1,0.1,2,0.0
420,-122.61805555,41.66194444,7/6/2007,missing date,1.0,1.0,2,0.0
421,-122.785167,38.764,9/1/2013,9/1/2013,1.0,1.0,2,0.0
422,-117.032757,32.594886,6/17/2009,missing date,1.0,0.5,2,0.5
423,-120.53194444,37.31,5/17/2001,5/17/2001,0.1,0.1,2,0.0
424,-122.05388888,39.94694444,7/5/2007,missing date,2.0,1.0,2,1.0
425,-118.0025,33.9381,2/20/2009,missing date,0.22,0.11,2,0.11
426,-123.6845,41.0665,8/3/2002,8/3/2002,0.1,0.1,2,0.0
427,-123.6845,41.0665,8/30/2002,8/30/2002,0.3,0.2,2,0.09999999999999998
428,-123.6845,41.0665,8/31/2002,8/31/2002,0.1,0.1,2,0.0
429,-118.0935,34.646,7/29/2005,missing date,1.0,1.0,2,0.0
430,-122.4629,38.235731,6/12/2013,missing date,6.0,3.0,2,3.0
431,-123.6845,41.0665,9/1/2001,9/1/2001,0.2,0.1,2,0.1
432,-120.31638889,39.63611111,5/6/2016,5/7/2016,0.25,0.1,2,0.15
433,-123.6845,41.0665,9/17/2001,9/17/2001,0.2,0.1,2,0.1
434,-123.6845,41.0832,9/19/2001,9/19/2001,2.0,0.5,2,1.5
435,-122.056,37.9661,9/2/2010,missing date,0.05,0.02,2,0.030000000000000002
436,-116.90305555,33.96888888,5/16/2006,5/16/2006,1.0,0.2,2,0.8
437,-124.0911,40.1299,9/3/2003,9/16/2003,226.0,4.0,2,222.0
438,-121.456666,38.691192,6/14/2013,missing date,2.0,1.0,2,1.0
439,-119.66805555,36.43111111,7/31/2007,missing date,0.2,0.1,2,0.1
440,-121.96611111,39.76055556,8/5/2002,8/5/2002,1.0,0.1,2,0.9
441,-122.206,40.002467,1/20/2013,1/20/2013,0.1,0.1,2,0.0
442,-116.90194444,33.03,8/27/2003,8/27/2003,0.1,0.1,2,0.0
443,-119.02611111,36.05805555,9/17/2006,9/17/2006,1.0,0.3,2,0.7
444,-118.3989,34.2956,10/18/2008,missing date,0.5,0.11,2,0.39
445,-118.7037,34.0824,10/18/2006,missing date,0.12,0.11,2,0.009999999999999995
446,-119.932387,37.117927,4/29/2019,missing date,3.0,3.0,2,0.0
447,-117.29611111,33.85194444,9/2/2008,missing date,1.0,1.0,2,0.0
448,-120.47897,37.221642,8/6/2001,8/6/2001,0.1,0.1,2,0.0
449,-121.54888888,39.44611111,5/2/2006,5/2/2006,0.5,0.1,2,0.4
450,-120.93855,38.664081,8/3/2001,8/3/2001,0.1,0.1,2,0.0
451,-120.663066,36.931178,9/19/2004,9/19/2004,0.1,0.1,2,0.0
452,-116.90194444,33.72194444,8/14/2003,8/14/2003,0.2,0.1,2,0.1
453,-117.43,34.145,6/24/2002,6/24/2002,0.1,0.1,2,0.0
454,-119.366781,36.814569,5/24/2001,5/24/2001,1.0,0.1,2,0.9
455,-120.19305555,37.135,6/21/2003,6/21/2003,10.0,0.2,2,9.8
456,-121.76111111,39.895,7/25/2006,7/25/2006,0.1,0.1,2,0.0
457,-117.204133,33.844544,7/4/2011,missing date,1.0,1.0,2,0.0
458,-117.034898,33.241094,5/17/2020,missing date,0.11,0.01,2,0.1
459,-122.123094,39.882085,6/5/2018,6/5/2018,0.59,0.09,2,0.5
460,-118.0903,34.558,7/4/2010,missing date,0.11,0.11,2,0.0
461,-121.858744,37.896489,7/26/2019,missing date,7.1,7.0,2,0.09999999999999964
462,-122.460522,39.354935,7/6/2011,missing date,0.1,0.1,2,0.0
463,-120.04694444,36.96,7/10/2002,7/10/2002,0.1,0.1,2,0.0
464,-117.331125,34.121324,4/21/2018,missing date,0.1,0.01,2,0.09000000000000001
465,-123.24583333,40.38777778,9/3/2003,9/3/2003,0.1,0.1,2,0.0
466,-120.57611111,37.33388888,10/12/2006,missing date,1.0,0.1,2,0.9
467,-121.326913,36.435951,5/20/2007,missing date,4.4,0.1,2,4.300000000000001
468,-122.880806,38.679894,7/31/2017,7/31/2017,4.25,2.5,2,1.75
469,-121.759926,37.635784,6/15/2020,missing date,8.0,3.3,2,4.7
470,-121.96611111,39.76055556,9/6/2002,9/6/2002,0.1,0.1,2,0.0
471,-120.19305555,37.00388888,7/29/2003,7/29/2003,0.5,0.1,2,0.4
472,-120.1206,40.6164,6/25/2006,6/30/2006,918.0,517.0,2,401.0
473,-123.6845,41.1665,7/1/2002,7/2/2002,39.0,2.0,2,37.0
474,-118.883333,34.766666,12/23/2013,missing date,0.21,0.12,2,0.09
475,-123.6845,41.1832,10/14/2001,10/14/2001,1.2,0.1,2,1.0999999999999999
476,-120.19305555,37.06194444,6/1/2004,6/1/2004,20.0,2.0,2,18.0
477,-120.818356,39.192578,8/28/2007,8/28/2007,1.0,0.1,2,0.9
478,-120.04694444,36.93111111,7/4/2001,7/4/2001,1.0,0.2,2,0.8
479,-120.31388888,37.96888888,8/16/2003,8/16/2003,0.2,0.1,2,0.1
480,-122.585,39.01888888,8/14/2003,8/14/2003,5.0,1.0,2,4.0
481,-122.208019,40.35315,8/30/2004,8/30/2004,0.5,0.3,2,0.2
482,-120.02805555,36.91694444,5/29/2006,5/29/2006,3.0,1.0,2,2.0
483,-122.033333,38.483333,5/19/2018,missing date,0.01,0.01,2,0.0
484,-122.033333,38.483333,5/11/2016,missing date,0.01,0.01,2,0.0
485,-120.551328,36.578446,6/19/2016,missing date,1.0,0.4,2,0.6
486,-119.1875,34.8725,7/23/2006,7/23/2006,1.0,0.1,2,0.9
487,-120.99388888,38.66388888,7/25/2003,7/25/2003,0.5,0.1,2,0.4
488,-121.74,39.66111111,5/20/2004,5/20/2004,0.5,0.1,2,0.4
489,-121.39888888,39.44694444,6/25/2006,6/26/2006,2.0,1.5,2,0.5
490,-123.593703,38.810169,6/22/2007,6/22/2007,0.3,0.1,2,0.19999999999999998
491,-119.3339,36.2245,7/27/2011,missing date,0.05,0.01,2,0.04
492,-118.99111111,36.08694444,5/13/2002,5/13/2002,4.0,0.8,2,3.2
493,-119.79,36.42388888,4/21/2002,4/21/2002,1.0,1.0,2,0.0
494,-121.60805555,36.86111111,6/25/2004,6/25/2004,0.3,0.3,2,0.0
495,-119.22388888,36.56611111,6/5/2004,6/5/2004,100.0,25.0,2,75.0
496,-117.76,34.0548,8/27/2006,missing date,0.11,0.11,2,0.0
497,-116.596494,33.940917,5/31/2007,5/31/2007,1.0,0.1,2,0.9
498,-118.830931,36.013511,7/5/2003,7/5/2003,45.0,0.5,2,44.5
499,-121.252282,37.712818,6/28/2007,missing date,11.0,2.0,2,9.0
500,-119.22388888,35.92805555,6/4/2006,6/4/2006,2.0,1.0,2,1.0
501,-120.88638889,41.96027778,8/9/2001,8/16/2001,75.0,1.0,2,74.0
502,-120.841469,41.4945,9/13/2001,9/13/2001,0.3,0.1,2,0.19999999999999998
503,-117.40719,34.584699,7/4/2020,missing date,1.0,1.0,2,0.0
504,-122.033333,38.483333,7/6/2019,missing date,0.02,0.01,2,0.01
505,-119.320237,36.196698,7/4/2006,missing date,1.5,0.2,2,1.3
506,-120.3869,38.1674,9/24/2002,9/24/2002,0.2,0.2,2,0.0
507,-120.994046,37.678178,7/11/2008,missing date,10.0,0.1,2,9.9
508,-117.264896,33.744647,4/19/2015,4/19/2015,0.1,0.1,2,0.0
509,-119.789788,36.489194,5/11/2018,5/11/2018,0.1,0.01,2,0.09000000000000001
510,-121.46861111,36.23916667,5/21/2001,5/21/2001,0.1,0.1,2,0.0
511,-121.468532,39.432284,8/28/2018,8/29/2018,0.01,0.01,2,0.0
512,-119.874829,37.098979,10/22/2016,10/22/2016,1.5,0.49,2,1.01
513,-120.552052,37.193103,8/7/2001,8/7/2001,0.1,0.1,2,0.0
514,-116.095101,33.569342,6/22/2011,missing date,1.0,1.0,2,0.0
515,-118.83194444,35.88305555,7/16/2001,7/16/2001,0.2,0.1,2,0.1
516,-119.22305555,35.79805555,5/11/2005,5/11/2005,14.0,0.3,2,13.7
517,-117.00805555,33.96888888,10/5/2003,10/5/2003,0.3,0.3,2,0.0
518,-120.1,37.54305555,8/12/2003,8/12/2003,4.0,0.5,2,3.5
519,-122.84805555,38.50694444,9/2/2008,missing date,3.0,0.1,2,2.9
520,-119.79,36.48888888,7/3/2007,missing date,10.0,0.1,2,9.9
521,-121.41,39.095,7/30/2009,missing date,0.2,0.1,2,0.1
522,-117.174877,33.598674,7/23/2018,missing date,1.0,0.1,2,0.9
523,-120.387063,36.72005,5/6/2017,5/6/2017,1.0,1.0,2,0.0
524,-123.30194444,40.76916667,8/18/2008,8/18/2008,1.0,0.5,2,0.5
525,-123.6886,41.0719,9/25/2018,9/25/2018,0.2,0.1,2,0.1
526,-120.99888888,39.00694444,1/22/2006,1/22/2006,0.3,0.3,2,0.0
527,-121.397119,39.322648,5/19/2016,missing date,0.01,0.01,2,0.0
528,-121.48194444,37.065,7/8/2001,7/8/2001,0.3,0.2,2,0.09999999999999998
529,-122.018217,37.061337,10/13/2017,missing date,0.1,0.1,2,0.0
530,-120.085698,36.24076,8/7/2017,8/8/2017,0.01,0.01,2,0.0
531,-123.82944444,41.87833333,6/18/2008,6/18/2008,0.1,0.1,2,0.0
532,-118.2391,34.2188,9/18/2006,missing date,0.11,0.11,2,0.0
533,-123.695,41.0858,3/7/2015,3/7/2015,0.3,0.2,2,0.09999999999999998
534,-121.466666,38.033333,9/6/2019,missing date,0.01,0.01,2,0.0
535,-117.105027,32.72456,6/22/2020,missing date,1.0,0.5,2,0.5
536,-119.18,36.37805555,6/15/2001,6/15/2001,23.0,2.0,2,21.0
537,-118.668611,34.5475,4/10/2010,4/10/2010,0.1,0.1,2,0.0
538,-121.26422,38.76795,6/8/2018,missing date,3.5,0.01,2,3.49
539,-122.28305555,40.295,8/27/2002,8/27/2002,9.0,6.0,2,3.0
540,-119.894249,36.92291,6/11/2011,missing date,1.0,1.0,2,0.0
541,-116.925278,33.7988889,5/29/2010,5/29/2010,9.1,0.1,2,9.0
542,-122.28305555,40.41111111,8/11/2004,8/11/2004,4.0,3.0,2,1.0
543,-120.73305555,37.93694444,8/6/2004,8/9/2004,3443.0,2.0,2,3441.0
544,-119.611833,37.017075,12/14/2007,12/14/2007,0.1,0.1,2,0.0
545,-116.3542,32.6469,1/13/2008,1/13/2008,1.0,0.5,2,0.5
546,-122.28305555,40.41111111,8/4/2003,8/4/2003,19.0,19.0,2,0.0
547,-122.145367,40.026283,11/13/2013,11/13/2013,1.0,1.0,2,0.0
548,-117.30305556,34.24305556,1/25/2002,1/25/2002,0.2,0.1,2,0.1
549,-118.1122,34.646,6/25/2011,missing date,0.21,0.11,2,0.09999999999999999
550,-118.967738,35.424873,7/14/2006,missing date,0.1,0.1,2,0.0
551,-123.95805555,40.40888888,8/15/2005,8/15/2005,0.5,0.2,2,0.3
552,-118.967738,35.424873,6/4/2005,missing date,16.2,1.0,2,15.2
553,-119.33611111,38.28,7/4/2001,7/5/2001,0.2,0.2,2,0.0
554,-122.03388888,38.905,5/31/2004,5/31/2004,9.0,6.0,2,3.0
555,-120.84194444,37.835,7/4/2004,7/4/2004,2.0,1.0,2,1.0
556,-123.6884,41.0657,7/31/2004,7/31/2004,0.1,0.1,2,0.0
557,-122.495,38.25,4/24/2001,4/24/2001,0.1,0.1,2,0.0
558,-121.618164,39.905117,7/14/2007,7/14/2007,0.1,0.1,2,0.0
559,-120.02805555,36.94611111,6/12/2002,6/12/2002,15.0,0.3,2,14.7
560,-120.956976,37.602167,6/20/2020,missing date,0.02,0.02,2,0.0
561,-118.967738,35.424873,7/18/2005,missing date,1.0,0.1,2,0.9
562,-123.838,41.279592,7/24/2015,7/25/2015,1.0,1.0,2,0.0
563,-118.967738,35.424873,7/7/2006,missing date,0.1,0.1,2,0.0
564,-121.814956,37.757166,5/28/2019,missing date,5.25,5.0,2,0.25
565,-116.927,32.56,6/27/2007,6/27/2007,2.0,1.0,2,1.0
566,-122.163596,37.723045,6/10/2019,missing date,0.01,0.01,2,0.0
567,-123.6947,41.0111,11/3/2011,11/3/2011,0.2,0.2,2,0.0
568,-123.8322,41.2869,7/3/2014,7/3/2014,1.0,0.1,2,0.9
569,-121.151017,38.743535,7/31/2010,missing date,0.1,0.1,2,0.0
570,-120.381717,36.865983,7/31/2013,7/31/2013,10.0,5.0,2,5.0
571,-123.527852,39.655847,7/13/2012,missing date,1.0,0.25,2,0.75
572,-121.94722222,39.76055556,7/20/2002,7/20/2002,1.0,0.1,2,0.9
573,-116.93694444,33.62,6/25/2005,6/25/2005,0.3,0.1,2,0.19999999999999998
574,-120.032198,36.979713,8/15/2017,8/15/2017,0.01,0.01,2,0.0
575,-121.613,37.9772,10/7/2010,missing date,3.0,2.0,2,1.0
576,-123.6914,41.0743,9/9/2006,9/9/2006,2.0,0.5,2,1.5
577,-116.078401,33.569691,6/30/2018,6/30/2018,2.0,0.5,2,1.5
578,-123.33888889,40.50166667,9/3/2003,9/3/2003,0.1,0.1,2,0.0
579,-121.47388888,39.37388888,7/4/2004,7/4/2004,8.0,2.0,2,6.0
580,-120.2234,37.824531,8/2/2003,8/2/2003,0.1,0.1,2,0.0
581,-119.7861,36.66331,8/17/2018,missing date,1.0,0.5,2,0.5
582,-122.29023,40.56325,8/25/2013,8/25/2013,0.25,0.25,2,0.0
583,-117.95666667,34.43166667,8/21/2009,8/21/2009,0.3,0.1,2,0.19999999999999998
584,-121.307371,38.839046,8/24/2019,missing date,2.0,0.01,2,1.99
585,-122.35388888,41.29888888,6/19/2004,6/19/2004,0.1,0.1,2,0.0
586,-118.466666,34.816666,7/6/2017,missing date,1.0,0.21,2,0.79
587,-116.066571,33.572863,6/19/2019,missing date,1.1,1.0,2,0.10000000000000009
588,-121.08194444,39.07388888,8/24/2007,missing date,2.0,1.0,2,1.0
589,-121.40194444,38.73611111,8/17/2005,8/17/2005,0.1,0.1,2,0.0
590,-121.47388888,39.21388888,6/15/2005,6/15/2005,8.0,0.3,2,7.7
591,-120.880611,39.323889,9/5/2002,9/5/2002,0.1,0.1,2,0.0
592,-122.50888888,38.35111111,10/30/2003,10/30/2003,1.0,0.5,2,0.5
593,-117.003205,32.838495,4/22/2018,missing date,1.0,0.01,2,0.99
594,-120.83781,36.928026,10/10/2016,10/10/2016,0.3,0.2,2,0.09999999999999998
595,-120.09388888,36.20305555,7/7/2003,7/7/2003,1.0,1.0,2,0.0
596,-122.837601,38.338627,11/1/2009,missing date,0.01,0.01,2,0.0
597,-118.1221,34.5887,7/5/2005,missing date,0.41,0.21,2,0.19999999999999998
598,-118.84611111,34.65777778,9/10/2015,9/12/2015,0.4,0.1,2,0.30000000000000004
599,-121.47305555,39.345,7/25/2003,7/25/2003,0.1,0.1,2,0.0
600,-120.09388888,36.20305555,6/19/2002,6/19/2002,10.0,0.1,2,9.9
601,-116.076,33.569317,6/17/2015,6/17/2015,0.2,0.2,2,0.0
602,-116.93611111,32.65805555,11/25/2006,missing date,1.0,0.1,2,0.9
603,-119.880403,36.786864,7/4/2016,missing date,0.01,0.01,2,0.0
604,-121.735,36.54111111,10/13/2004,10/13/2004,0.1,0.1,2,0.0
605,-121.949417,40.523917,7/6/2013,7/6/2013,1.0,1.0,2,0.0
606,-119.325,36.12305555,6/15/2007,missing date,1.0,1.0,2,0.0
607,-120.996137,37.622262,6/23/2016,missing date,0.01,0.01,2,0.0
608,-121.821395,37.999443,6/3/2006,missing date,0.5,0.1,2,0.4
609,-117.18,34.25805556,6/22/2001,6/22/2001,0.1,0.1,2,0.0
610,-122.51,39.00194444,7/7/2006,7/7/2006,3.0,3.0,2,0.0
611,-122.641158,41.703782,8/4/2019,missing date,0.25,0.01,2,0.24
612,-117.485342,33.997085,7/26/2011,missing date,1.0,1.0,2,0.0
613,-116.7801,32.665169,10/11/2004,10/11/2004,0.1,0.1,2,0.0
614,-122.21805555,38.04805555,5/31/2001,5/31/2001,2.0,2.0,2,0.0
615,-121.94722222,39.76055556,7/7/2002,7/7/2002,0.1,0.1,2,0.0
616,-119.22111111,36.57888888,5/21/2007,missing date,0.5,0.1,2,0.4
617,-123.89611111,41.22805555,7/25/2004,7/25/2004,0.5,0.1,2,0.4
618,-123.0,40.5,9/3/2003,9/3/2003,0.1,0.1,2,0.0
619,-121.475739,41.116211,6/30/2004,6/30/2004,0.3,0.1,2,0.19999999999999998
620,-120.6177,41.2749,8/9/2001,8/9/2001,0.1,0.1,2,0.0
621,-121.46972222,39.75,3/15/2007,3/15/2007,0.1,0.01,2,0.09000000000000001
622,-119.331433,36.288869,6/12/2020,missing date,0.01,0.01,2,0.0
623,-118.83481,35.216347,4/5/2009,missing date,0.2,0.01,2,0.19
624,-121.4,38.47,6/25/2007,missing date,1.0,0.1,2,0.9
625,-121.4,38.49,6/26/2007,missing date,0.1,0.1,2,0.0
626,-122.215433,41.571767,7/26/2010,missing date,0.1,0.1,2,0.0
627,-123.85694444,41.31111111,7/4/2002,7/4/2002,1.0,1.0,2,0.0
628,-121.4,38.66,6/29/2007,missing date,0.2,0.1,2,0.1
629,-119.22,36.57805555,5/21/2007,missing date,0.5,0.1,2,0.4
630,-121.079113,38.739909,11/1/2020,missing date,0.25,0.01,2,0.24
631,-120.56111111,35.19194444,8/15/2008,missing date,37.0,4.0,2,33.0
632,-119.22,36.57305555,5/21/2007,missing date,1.0,0.5,2,0.5
633,-123.5852,40.185483,8/4/2017,8/4/2017,0.1,0.1,2,0.0
634,-116.00904,33.53591,8/13/2011,missing date,1.0,1.0,2,0.0
635,-120.95611111,38.24388888,8/21/2003,8/21/2003,0.1,0.1,2,0.0
636,-118.2309,34.6528,9/6/2006,missing date,0.21,0.11,2,0.09999999999999999
637,-121.610009,39.095411,6/25/2005,missing date,3.0,0.5,2,2.5
638,-118.97305555,36.05888888,6/16/2006,6/16/2006,5.0,0.1,2,4.9
639,-123.0,41.0,9/9/2017,missing date,2.25,0.1,2,2.15
640,-122.2161,39.91395,4/24/2013,4/24/2013,1.0,1.0,2,0.0
641,-121.474077,39.506378,9/13/2010,missing date,1.0,1.0,2,0.0
642,-121.14861111,39.44666667,8/6/2008,8/9/2008,12.0,10.0,2,2.0
643,-117.486216,34.02,12/5/2017,12/5/2017,3.0,0.1,2,2.9
644,-117.305,33.85111111,9/23/2001,9/23/2001,0.1,0.1,2,0.0
645,-117.9505,34.0202,9/4/2006,missing date,0.3,0.3,2,0.0
646,-119.51,36.10194444,7/24/2002,7/24/2002,0.1,0.1,2,0.0
647,-120.555416,37.349676,7/28/2015,7/28/2015,1.0,0.12,2,0.88
648,-123.86111111,41.28694444,7/4/2002,7/4/2002,1.0,1.0,2,0.0
649,-121.256126,37.927668,10/10/2008,missing date,0.1,0.1,2,0.0
650,-121.145015,38.796395,8/25/2005,missing date,20.2,5.0,2,15.2
651,-116.308936,33.661636,1/26/2007,1/26/2007,0.1,0.1,2,0.0
652,-119.322701,36.304032,6/23/2018,missing date,0.01,0.01,2,0.0
653,-120.560853,38.083854,9/5/2012,missing date,84.0,0.25,2,83.75
654,-122.637944,38.285131,8/5/2019,missing date,1.0,0.5,2,0.5
655,-121.260605,38.559523,4/20/2013,missing date,1.0,0.02,2,0.98
656,-120.617563,37.03256,9/17/2015,9/17/2015,0.1,0.1,2,0.0
657,-118.655689,34.44525,8/1/2003,8/1/2003,2.0,0.5,2,1.5
658,-120.88305555,38.09888888,11/23/2007,missing date,0.3,0.1,2,0.19999999999999998
659,-120.75,38.73388888,7/3/2006,7/3/2006,4.0,0.5,2,3.5
660,-120.621628,38.190135,7/23/2019,missing date,0.25,0.02,2,0.23
661,-121.57388888,39.265,4/13/2007,missing date,1.0,0.1,2,0.9
662,-122.208989,40.222719,5/26/2001,5/26/2001,1.0,1.0,2,0.0
663,-122.011863,37.578254,10/2/2020,missing date,0.1,0.01,2,0.09000000000000001
664,-117.166666,33.033333,6/26/2015,missing date,0.5,0.01,2,0.49
665,-116.91888888,32.86805555,5/3/2004,5/3/2004,0.8,0.3,2,0.5
666,-121.750142,36.555725,6/12/2019,missing date,0.25,0.21,2,0.04000000000000001
667,-119.3129557,35.88484386,9/4/2004,9/4/2004,0.1,0.1,2,0.0
668,-123.8086,41.275983,5/11/2013,5/11/2013,0.5,0.1,2,0.4
669,-123.6983,41.0836,9/28/2012,9/28/2012,0.5,0.5,2,0.0
670,-120.56888888,37.63888888,7/17/2008,missing date,0.3,0.3,2,0.0
671,-120.56888888,37.295,7/10/2005,7/10/2005,5.0,0.2,2,4.8
672,-117.098839,32.738895,5/1/2005,missing date,0.1,0.1,2,0.0
673,-117.123058,32.960119,9/6/2005,missing date,0.1,0.1,2,0.0
674,-117.166666,34.1,12/7/2020,missing date,1.0,1.0,2,0.0
675,-122.29805555,38.205,10/21/2006,missing date,1.0,1.0,2,0.0
676,-117.098754,34.016933,5/4/2011,missing date,0.1,0.1,2,0.0
677,-120.08305555,36.98888888,7/4/2001,7/4/2001,0.2,0.2,2,0.0
678,-121.62694444,39.64694444,8/12/2003,8/12/2003,0.2,0.1,2,0.1
679,-118.134,33.8748,7/5/2011,missing date,0.11,0.11,2,0.0
680,-121.605,39.56,10/30/2002,10/30/2002,0.5,0.1,2,0.4
681,-122.18111111,38.78805555,9/20/2003,9/20/2003,0.5,0.5,2,0.0
682,-122.34388888,39.07805555,6/4/2002,6/4/2002,7.0,1.0,2,6.0
683,-118.1037,34.7078,5/2/2011,missing date,0.5,0.21,2,0.29000000000000004
684,-118.2584,33.8304,2/27/2007,missing date,1.0,0.7,2,0.30000000000000004
685,-122.228169,40.483869,8/13/2002,8/13/2002,1.0,0.5,2,0.5
686,-119.23388888,36.32,7/20/2006,7/20/2006,0.1,0.1,2,0.0
687,-123.621089,39.020039,9/3/2003,9/3/2003,3.0,1.0,2,2.0
688,-123.62111111,38.96194444,8/12/2001,8/12/2001,0.2,0.1,2,0.1
689,-116.919013,32.58018,11/30/2020,missing date,0.1,0.1,2,0.0
690,-117.507671,34.118401,7/4/2009,missing date,0.2,0.2,2,0.0
691,-117.1,32.983333,6/4/2017,missing date,0.01,0.01,2,0.0
692,-115.7894,32.9353,11/13/2010,11/13/2010,0.1,0.1,2,0.0
693,-122.67,41.89305556,5/10/2007,5/10/2007,0.1,0.1,2,0.0
694,-117.16741841,34.00362272,5/19/2015,missing date,1.0,1.0,2,0.0
695,-119.86694444,37.00305555,9/22/2002,9/22/2002,0.3,0.2,2,0.09999999999999998
696,-121.07,38.21388888,7/31/2003,7/31/2003,0.1,0.1,2,0.0
697,-121.245555,37.939642,9/22/2016,missing date,2.0,0.05,2,1.95
698,-123.53444444,41.28583333,9/26/2001,9/26/2001,0.1,0.1,2,0.0
699,-119.86694444,36.96,5/13/2006,5/13/2006,0.1,0.1,2,0.0
700,-122.48,38.00611111,6/12/2008,missing date,6.0,5.0,2,1.0
701,-124.02277778,41.85111111,7/14/2002,7/16/2002,0.5,0.1,2,0.4
702,-119.34888888,36.11611111,7/4/2005,7/4/2005,0.2,0.2,2,0.0
703,-122.67111111,38.29,10/7/2007,missing date,1.0,0.1,2,0.9
704,-118.134,33.8748,4/23/2011,missing date,0.11,0.11,2,0.0
705,-120.20305556,39.41861111,9/18/2007,9/18/2007,0.1,0.1,2,0.0
706,-120.676269,38.7051,8/20/2004,8/20/2004,0.1,0.1,2,0.0
707,-116.818767,33.933781,7/4/2015,7/4/2015,0.1,0.1,2,0.0
708,-122.04805556,39.19527778,10/2/2002,10/2/2002,1.0,0.1,2,0.9
709,-120.875,40.70833333,6/1/2007,6/1/2007,0.1,0.1,2,0.0
710,-116.91611111,32.87611111,7/13/2008,missing date,1.0,0.1,2,0.9
711,-119.159357,34.163745,10/4/2018,missing date,0.01,0.01,2,0.0
712,-121.57694444,37.70111111,7/13/2005,7/13/2005,10.0,1.0,2,9.0
713,-117.32305555,33.88,11/23/2001,11/23/2001,3.0,0.2,2,2.8
714,-122.475619,40.568969,9/2/2002,9/2/2002,32.0,0.1,2,31.9
715,-118.1362,33.9878,7/8/2005,missing date,1.0,0.21,2,0.79
716,-121.84805555,39.5,7/9/2003,7/9/2003,0.2,0.2,2,0.0
717,-119.009669,36.521961,10/3/2004,10/3/2004,0.5,0.5,2,0.0
718,-119.764184,37.071118,5/21/2018,5/21/2018,0.6,0.01,2,0.59
719,-120.8255,38.9186,6/21/2008,6/21/2008,0.1,0.1,2,0.0
720,-116.14694444,33.68611111,10/20/2009,missing date,0.1,0.1,2,0.0
721,-116.640533,33.92375,6/10/2013,6/10/2013,0.1,0.1,2,0.0
722,-123.7,40.09888888,9/17/2006,9/17/2006,27.0,0.2,2,26.8
723,-121.00694444,37.07888888,4/24/2002,4/24/2002,2.3,0.1,2,2.1999999999999997
724,-121.848667,41.076333,8/3/2009,missing date,1.0,1.0,2,0.0
725,-123.380081,39.013175,7/21/2017,7/21/2017,0.9,0.01,2,0.89
726,-122.793461,40.320789,8/5/2001,8/5/2001,0.1,0.1,2,0.0
727,-121.96,38.41,8/9/2003,8/9/2003,1.0,1.0,2,0.0
728,-121.49388888,39.54805555,7/4/2004,7/4/2004,0.3,0.3,2,0.0
729,-120.10944444,39.5325,6/30/2004,6/30/2004,0.1,0.1,2,0.0
730,-120.31194444,41.29027778,7/19/2001,7/19/2001,0.1,0.1,2,0.0
731,-120.043069,36.973549,9/3/2018,9/3/2018,0.12,0.01,2,0.11
732,-122.27656,37.820802,9/11/2006,missing date,0.1,0.1,2,0.0
733,-121.31888889,40.19333333,6/29/2006,6/29/2006,0.1,0.1,2,0.0
734,-120.82611111,38.17111111,9/14/2005,9/14/2005,0.1,0.1,2,0.0
735,-120.82611111,38.22888888,10/21/2004,10/21/2004,0.2,0.2,2,0.0
736,-118.19472222,36.1325,8/11/2012,8/11/2012,5.0,1.0,2,4.0
737,-119.76694444,37.18388888,7/8/2007,missing date,1.0,1.0,2,0.0
738,-122.010518,37.584158,8/29/2016,missing date,0.1,0.01,2,0.09000000000000001
739,-119.008289,35.396967,8/12/2019,missing date,0.01,0.01,2,0.0
740,-116.574656,33.988386,8/17/2007,8/17/2007,0.1,0.1,2,0.0
741,-123.8053,40.925767,10/19/2012,missing date,0.1,0.1,2,0.0
742,-119.910836,36.793438,8/4/2017,missing date,0.01,0.01,2,0.0
743,-119.16111111,36.47805555,6/24/2004,6/24/2004,1.0,0.3,2,0.7
744,-121.80888888,37.62194444,8/10/2007,missing date,12.0,0.1,2,11.9
745,-123.805,40.905,9/4/2006,9/4/2006,0.1,0.1,2,0.0
746,-121.462817,38.714548,9/3/2005,missing date,2.0,0.5,2,1.5
747,-120.82611111,41.0,7/31/2003,7/31/2003,0.1,0.1,2,0.0
748,-117.51305556,34.33,7/6/2002,7/6/2002,0.1,0.1,2,0.0
749,-121.246414,37.960412,5/22/2008,missing date,1.0,1.0,2,0.0
750,-123.025568,38.969842,8/8/2015,8/8/2015,1.0,1.0,2,0.0
751,-119.347961,36.861431,10/17/2018,missing date,0.1,0.1,2,0.0
752,-122.279285,37.992797,6/22/2006,missing date,7.0,1.0,2,6.0
753,-121.158407,38.818071,6/5/2018,missing date,0.2,0.2,2,0.0
754,-117.9761,34.0557,9/14/2010,missing date,0.11,0.11,2,0.0
755,-123.6872,41.0733,6/25/2015,6/25/2015,1.0,0.1,2,0.9
756,-121.559936,37.714917,7/16/2010,7/16/2010,2.0,1.0,2,1.0
757,-123.69583333,41.92638889,9/5/2003,9/6/2003,0.1,0.1,2,0.0
758,-116.945,34.00888888,10/11/2007,missing date,1.5,0.1,2,1.4
759,-120.38888888,36.53111111,9/6/2007,missing date,3.0,1.0,2,2.0
760,-122.52611111,40.03805555,9/11/2004,9/11/2004,1.0,0.5,2,0.5
761,-121.392532,38.736112,7/17/2011,missing date,1.0,0.25,2,0.75
762,-117.25305555,33.96805555,2/20/2002,2/20/2002,0.2,0.1,2,0.1
763,-120.461111,38.665,7/25/2010,7/25/2010,0.5,0.25,2,0.25
764,-116.8056,32.5678,7/25/2001,7/25/2001,0.1,0.1,2,0.0
765,-121.002652,37.618562,8/13/2018,missing date,0.25,0.01,2,0.24
766,-121.002652,37.618562,7/20/2020,missing date,0.05,0.01,2,0.04
767,-123.54111111,39.76,8/18/2003,8/18/2003,84.0,0.1,2,83.9
768,-120.08472222,39.21694444,8/18/2001,8/18/2001,0.1,0.1,2,0.0
769,-123.82194444,41.27194444,10/10/2001,10/10/2001,29.0,3.0,2,26.0
770,-116.8061,32.5626,7/25/2001,7/25/2001,0.1,0.1,2,0.0
771,-121.315306,36.419658,7/7/2016,7/7/2016,1.5,0.01,2,1.49
772,-121.574145,39.125466,8/1/2008,missing date,0.1,0.1,2,0.0
773,-123.82305555,41.28694444,7/13/2002,7/13/2002,1.0,1.0,2,0.0
774,-120.0394,41.0732,5/30/2003,5/30/2003,0.1,0.1,2,0.0
775,-120.56611111,37.36888888,4/12/2007,missing date,2.0,2.0,2,0.0
776,-123.6876,41.0718,7/2/2006,7/2/2006,0.5,0.1,2,0.4
777,-123.290359,39.281162,8/19/2015,8/19/2015,4.22,1.0,2,3.2199999999999998
778,-120.56611111,37.36888888,6/2/2008,missing date,2.0,0.3,2,1.7
779,-123.29,39.31305555,8/3/2003,8/3/2003,0.3,0.1,2,0.19999999999999998
780,-122.630589,41.823339,7/10/2001,7/10/2001,0.2,0.1,2,0.1
781,-122.165,39.96111111,4/27/2010,missing date,1.0,1.0,2,0.0
782,-121.39305555,38.73611111,6/25/2010,missing date,0.3,0.1,2,0.19999999999999998
783,-120.56611111,37.36888888,4/9/2008,missing date,2.0,2.0,2,0.0
784,-120.30722222,41.8875,9/25/2001,9/25/2001,0.2,0.1,2,0.1
785,-120.21111111,37.11305555,7/6/2008,missing date,4.0,1.0,2,3.0
786,-117.9745,34.1384,12/21/2011,missing date,0.5,0.5,2,0.0
787,-115.924222,33.527097,8/16/2007,8/16/2007,1.0,0.1,2,0.9
788,-115.924222,33.527097,8/17/2007,8/17/2007,1.0,0.1,2,0.9
789,-122.660689,41.735981,7/24/2004,7/24/2004,0.1,0.1,2,0.0
790,-120.44388888,35.0,5/31/2002,5/31/2002,0.5,0.1,2,0.4
791,-122.347292,40.585713,5/2/2006,missing date,0.1,0.1,2,0.0
792,-117.171399,33.322012,9/13/2015,missing date,0.05,0.05,2,0.0
793,-120.37805555,36.75611111,5/26/2002,5/26/2002,2.0,1.0,2,1.0
794,-119.34111111,36.43611111,7/25/2003,7/25/2003,30.0,10.0,2,20.0
795,-119.49305555,36.80111111,8/16/2003,8/16/2003,0.5,0.3,2,0.2
796,-121.559062,37.800156,9/28/2009,missing date,1.0,0.1,2,0.9
797,-122.29667,40.62561,8/3/2015,8/3/2015,0.17,0.01,2,0.16
798,-117.3014,33.720419,7/26/2001,7/26/2001,0.3,0.1,2,0.19999999999999998
799,-117.505,34.46305555,8/31/2007,missing date,0.1,0.1,2,0.0
800,-119.16888888,36.49305555,6/20/2001,6/20/2001,0.1,0.1,2,0.0
801,-122.167921,37.429014,4/13/2007,missing date,0.2,0.1,2,0.1
802,-122.04166667,39.19527778,10/2/2002,10/2/2002,0.1,0.1,2,0.0
803,-121.71611111,39.37,7/18/2006,7/18/2006,1.0,0.1,2,0.9
804,-123.6178,40.9999,5/26/2003,5/26/2003,0.1,0.1,2,0.0
805,-118.2519,33.8425,5/3/2007,missing date,0.5,0.11,2,0.39
806,-123.815,40.11388888,7/4/2004,7/4/2004,0.1,0.1,2,0.0
807,-120.28888888,37.26305555,8/4/2007,missing date,5.0,1.0,2,4.0
808,-124.0108,41.5322,7/15/2015,7/16/2015,0.3,0.2,2,0.09999999999999998
809,-121.316685,36.403304,6/24/2015,6/24/2015,0.01,0.01,2,0.0
810,-124.0108,41.5322,7/13/2015,7/13/2015,0.1,0.1,2,0.0
811,-122.66805555,38.48805555,7/6/2008,missing date,1.0,0.1,2,0.9
812,-120.10388888,39.28694444,8/28/2007,missing date,1.0,1.0,2,0.0
813,-120.67388889,41.98916667,9/5/2003,9/7/2003,0.1,0.1,2,0.0
814,-120.75194444,37.40888888,5/19/2008,missing date,1.0,1.0,2,0.0
815,-119.527642,37.236732,7/7/2012,missing date,0.1,0.1,2,0.0
816,-117.3014,33.720419,5/26/2003,5/26/2003,2.0,1.0,2,1.0
817,-123.27888888,39.9,7/4/2008,missing date,258.0,1.0,2,257.0
818,-121.745259,37.730663,8/30/2020,missing date,40.0,30.0,2,10.0
819,-117.26694444,33.63388888,7/13/2004,7/13/2004,350.0,0.1,2,349.9
820,-120.44305555,37.28,8/24/2003,8/24/2003,0.5,0.2,2,0.3
821,-123.8206,41.2812,9/9/2004,9/9/2004,0.2,0.1,2,0.1
822,-120.675472,37.433724,7/27/2017,7/27/2017,1.0,0.5,2,0.5
823,-118.44166667,34.32861111,8/4/2003,8/4/2003,0.1,0.1,2,0.0
824,-120.08444444,38.95111111,6/23/2001,6/23/2001,1.0,0.3,2,0.7
825,-119.31413,36.326902,6/28/2018,missing date,0.1,0.1,2,0.0
826,-120.9575,41.40611111,9/15/2001,9/15/2001,1.0,0.1,2,0.9
827,-122.48645,41.574469,7/5/2002,7/5/2002,0.3,0.1,2,0.19999999999999998
828,-119.23194444,36.47888888,6/1/2001,6/1/2001,5.0,1.0,2,4.0
829,-116.6303,32.579369,8/17/2003,8/17/2003,0.2,0.1,2,0.1
830,-118.2005,34.6529,8/1/2007,missing date,0.3,0.21,2,0.09
831,-123.61611111,39.145,9/3/2003,9/3/2003,22.0,2.0,2,20.0
832,-119.23194444,36.47888888,5/19/2001,5/19/2001,5.0,1.0,2,4.0
833,-118.132,34.675,8/5/2007,missing date,0.11,0.11,2,0.0
834,-123.61722222,40.95,6/24/2001,6/24/2001,0.1,0.1,2,0.0
835,-117.1015,32.7805,7/19/2011,missing date,0.25,0.25,2,0.0
836,-121.247666,38.77652,4/30/2010,missing date,0.1,0.1,2,0.0
837,-121.575287,39.125664,6/10/2008,missing date,0.2,0.1,2,0.1
838,-120.359722,41.493494,8/6/2006,8/6/2006,0.1,0.1,2,0.0
839,-120.53,38.46111111,2/11/2002,2/11/2002,0.1,0.1,2,0.0
840,-121.68888888,37.60111111,8/21/2004,8/21/2004,0.1,0.1,2,0.0
841,-121.66888888,37.875,6/9/2002,6/9/2002,85.0,4.0,2,81.0
842,-118.0752,34.5656,7/15/2010,missing date,3.0,0.11,2,2.89
843,-120.166666,34.9,12/4/2016,missing date,0.46,0.2,2,0.26
844,-121.77215,41.799061,7/9/2001,7/9/2001,2.0,0.1,2,1.9
845,-118.78833333,34.69277778,6/16/2006,6/16/2006,8.0,1.0,2,7.0
846,-118.0753,35.7753,7/22/2006,7/22/2006,0.2,0.2,2,0.0
847,-121.338046,38.698531,10/30/2019,missing date,2.0,1.0,2,1.0
848,-119.736344,36.754089,12/10/2020,missing date,0.05,0.05,2,0.0
849,-122.328139,38.8465,9/3/2003,9/3/2003,1.0,1.0,2,0.0
850,-121.53111111,37.74305555,7/23/2008,missing date,1.0,0.5,2,0.5
851,-118.910784,35.274012,9/30/2006,missing date,0.3,0.1,2,0.19999999999999998
852,-121.04805555,39.27805555,4/15/2004,4/15/2004,1.0,0.1,2,0.9
853,-122.197339,39.848738,5/14/2012,missing date,0.25,0.25,2,0.0
854,-119.08,36.05888888,8/17/2003,8/17/2003,0.2,0.2,2,0.0
855,-122.07305555,38.715,6/24/2001,6/24/2001,0.5,0.1,2,0.4
856,-118.35888888,37.36888888,7/4/2005,7/4/2005,0.3,0.1,2,0.19999999999999998
857,-122.108747,37.930402,6/11/2008,missing date,5.0,3.0,2,2.0
858,-117.55805555,33.96111111,10/13/2008,missing date,0.1,0.1,2,0.0
859,-121.77194444,40.445,1/5/2001,missing date,0.1,0.1,2,0.0
860,-117.9041,34.0884,9/5/2009,missing date,1.0,0.11,2,0.89
861,-120.13805555,37.10611111,6/23/2003,6/23/2003,1.0,0.3,2,0.7
862,-123.6573,41.0307,7/5/2006,7/5/2006,1.0,0.5,2,0.5
863,-121.88694444,37.48388888,8/22/2005,8/22/2005,0.5,0.5,2,0.0
864,-123.72611111,41.2,9/20/2006,9/20/2006,0.8,0.5,2,0.30000000000000004
865,-121.668708,40.88189,2/27/2012,missing date,1.0,1.0,2,0.0
866,-122.757569,41.719639,7/10/2001,7/10/2001,0.1,0.1,2,0.0
867,-120.650589,40.421642,8/17/2020,missing date,0.2,0.1,2,0.1
868,-123.205,39.015,8/27/2001,8/27/2001,1.0,1.0,2,0.0
869,-118.78925,36.02753,4/26/2008,4/26/2008,0.1,0.1,2,0.0
870,-121.91,39.83305555,10/26/2003,10/26/2003,11.0,1.0,2,10.0
871,-121.585341,37.582904,10/24/2019,missing date,41.0,41.0,2,0.0
872,-121.58694444,39.135,5/21/2002,5/21/2002,0.5,0.1,2,0.4
873,-120.418617,37.257833,8/31/2016,8/31/2016,0.76,0.1,2,0.66
874,-118.5574,34.4392,7/19/2007,missing date,0.11,0.11,2,0.0
875,-120.96833333,41.95833333,7/21/2008,7/22/2008,0.1,0.1,2,0.0
876,-121.34611111,39.32111111,7/11/2007,missing date,3.0,0.3,2,2.7
877,-120.71194444,38.3,7/5/2008,missing date,0.5,0.1,2,0.4
878,-116.962332,32.576815,8/26/2007,missing date,1.0,1.0,2,0.0
879,-116.19,33.70111111,9/26/2007,missing date,1.0,1.0,2,0.0
880,-121.778479,38.555404,7/19/2006,missing date,0.2,0.1,2,0.1
881,-117.22194444,33.255,7/12/2008,missing date,1.5,1.0,2,0.5
882,-120.917358,39.095192,8/27/2007,8/27/2007,0.1,0.1,2,0.0
883,-119.96805555,36.24805555,5/5/2001,5/5/2001,0.1,0.1,2,0.0
884,-120.861087,38.100776,7/3/2010,missing date,0.5,0.2,2,0.3
885,-121.877,41.0665,8/3/2009,missing date,1.0,1.0,2,0.0
886,-120.49111111,37.79111111,6/21/2006,6/21/2006,85.0,2.0,2,83.0
887,-117.235,34.11388888,5/20/2003,5/20/2003,1.0,0.5,2,0.5
888,-123.6639,41.0346,7/20/2004,7/20/2004,1.0,0.5,2,0.5
889,-121.18694444,37.47194444,7/14/2001,7/14/2001,0.5,0.1,2,0.4
890,-123.11694444,39.38694444,9/1/2008,missing date,1.0,0.3,2,0.7
891,-116.86805555,33.94,7/14/2005,7/14/2005,6.0,2.0,2,4.0
892,-118.336,33.3327,7/27/2006,missing date,1.0,1.0,2,0.0
893,-123.6761,41.0586,9/13/2015,9/13/2015,0.1,0.1,2,0.0
894,-118.58894398,34.43060938,7/14/2012,missing date,0.24,0.24,2,0.0
895,-122.756639,41.676119,7/11/2001,7/11/2001,0.1,0.1,2,0.0
896,-120.97888888,38.87694444,8/22/2003,8/22/2003,0.1,0.1,2,0.0
897,-119.6949,36.63446,8/4/2017,8/4/2017,0.1,0.01,2,0.09000000000000001
898,-118.0752,34.5802,6/30/2010,missing date,1.0,0.11,2,0.89
899,-119.045,35.92805555,7/15/2003,7/15/2003,0.1,0.1,2,0.0
900,-121.047576,39.22927,11/28/2020,missing date,1.0,0.5,2,0.5
901,-118.3738,33.7489,7/16/2005,missing date,0.11,0.11,2,0.0
902,-117.287723,33.946552,1/24/2011,missing date,1.0,1.0,2,0.0
903,-122.24805555,40.51305555,3/30/2002,3/30/2002,0.3,0.1,2,0.19999999999999998
904,-121.52309,39.466354,5/22/2010,missing date,0.1,0.1,2,0.0
905,-121.047576,39.22927,10/17/2020,missing date,1.0,0.1,2,0.9
906,-123.775,39.61111111,10/6/2003,10/6/2003,2.0,2.0,2,0.0
907,-117.375,34.20111111,7/19/2003,7/19/2003,0.9,0.1,2,0.8
908,-119.709202,35.311792,6/21/2006,missing date,5.0,1.0,2,4.0
909,-121.36805555,38.72888888,7/9/2007,missing date,3.0,3.0,2,0.0
910,-121.59611111,37.715,7/13/2005,7/13/2005,10.0,4.0,2,6.0
911,-116.71111111,33.10194444,2/10/2002,2/10/2002,0.1,0.1,2,0.0
912,-121.22,38.77388888,7/26/2005,7/26/2005,0.5,0.5,2,0.0
913,-121.540039,39.595669,6/6/2006,6/6/2006,0.5,0.1,2,0.4
914,-116.86805556,34.11277778,8/10/2004,8/11/2004,0.1,0.1,2,0.0
915,-120.00027778,38.15027778,9/25/2001,9/25/2001,0.1,0.1,2,0.0
916,-123.6678,41.0332,9/4/2003,9/4/2003,0.1,0.1,2,0.0
917,-119.286413,36.355051,5/18/2018,missing date,0.1,0.1,2,0.0
918,-114.722908,33.609316,5/11/2018,5/11/2018,0.01,0.01,2,0.0
919,-120.96727,37.26743,7/1/2005,7/1/2005,0.1,0.1,2,0.0
920,-117.339552,33.925649,9/14/2018,missing date,0.25,0.05,2,0.2
921,-119.721789,36.735926,8/3/2016,missing date,0.01,0.01,2,0.0
922,-119.825,36.43805555,7/3/2007,missing date,1.0,1.0,2,0.0
923,-119.690133,36.746673,12/14/2017,missing date,0.5,0.01,2,0.49
924,-118.7216,34.7649,7/22/2006,missing date,2.11,1.0,2,1.1099999999999999
925,-116.668195,33.922691,7/24/2012,missing date,1.0,0.1,2,0.9
926,-121.66111111,39.51611111,9/12/2003,9/12/2003,5.0,1.0,2,4.0
927,-119.06305555,35.85611111,5/27/2001,5/27/2001,2.5,0.3,2,2.2
928,-121.109822,39.054133,6/25/2005,6/25/2005,0.1,0.1,2,0.0
929,-117.080295,32.59298,5/24/2020,missing date,1.0,1.0,2,0.0
930,-120.06305556,39.7175,7/27/2003,7/27/2003,0.1,0.1,2,0.0
931,-116.498395,33.815909,5/14/2017,missing date,0.01,0.01,2,0.0
932,-119.811291,34.426342,10/5/2007,missing date,0.1,0.1,2,0.0
933,-116.87694444,33.945,6/16/2008,missing date,30.0,1.0,2,29.0
934,-120.93388889,40.14777778,9/6/2019,missing date,0.1,0.1,2,0.0
935,-117.285,34.19972222,8/23/2011,8/23/2011,1.0,0.1,2,0.9
936,-123.6678,41.0499,10/28/2002,10/28/2002,0.1,0.1,2,0.0
937,-121.43972222,41.75305556,8/20/2004,8/20/2004,0.2,0.1,2,0.1
938,-117.04305555,34.02694444,6/26/2001,6/26/2001,0.1,0.1,2,0.0
939,-121.335563,38.703198,6/23/2013,missing date,0.01,0.01,2,0.0
940,-120.91805555,38.34,4/14/2008,missing date,1.0,1.0,2,0.0
941,-120.80694444,35.95805555,6/28/2002,6/28/2002,30.0,2.0,2,28.0
942,-124.151331,41.725681,9/13/2014,9/13/2014,0.1,0.1,2,0.0
943,-124.151331,41.717347,9/13/2014,9/13/2014,0.1,0.1,2,0.0
944,-119.27194444,35.88388888,11/8/2006,missing date,1.0,1.0,2,0.0
945,-118.929538,36.056413,4/26/2016,4/26/2016,2.2,0.4,2,1.8000000000000003
946,-116.668195,33.922691,7/27/2016,7/27/2016,1.0,1.0,2,0.0
947,-117.445,34.01194444,8/5/2005,8/5/2005,0.3,0.1,2,0.19999999999999998
948,-121.289338,37.94632,5/13/2013,missing date,1.0,0.1,2,0.9
949,-124.1522,41.7261,8/15/2015,8/15/2015,0.1,0.1,2,0.0
950,-119.27805555,36.53805555,7/18/2001,7/18/2001,0.1,0.1,2,0.0
951,-116.20694444,33.60611111,6/29/2003,6/29/2003,0.2,0.1,2,0.1
952,-122.098089,40.730211,8/12/2004,8/12/2004,0.1,0.1,2,0.0
953,-118.59194444,36.29666667,7/24/2006,7/24/2006,0.1,0.1,2,0.0
954,-116.86805555,33.925,5/28/2003,5/28/2003,2.0,0.3,2,1.7
955,-118.1526,34.6603,7/26/2007,missing date,0.5,0.5,2,0.0
956,-123.11,39.39694444,6/21/2008,missing date,20.0,1.0,2,19.0
957,-123.6678,41.0332,10/24/2002,10/24/2002,0.1,0.1,2,0.0
958,-123.6678,41.0332,11/2/2002,11/2/2002,0.1,0.1,2,0.0
959,-119.28694444,36.53,5/22/2007,missing date,4.0,1.0,2,3.0
960,-121.6609,37.9562,5/6/2010,missing date,1.0,0.01,2,0.99
961,-120.710714,35.540804,7/4/2020,missing date,1.0,1.0,2,0.0
962,-123.6678,41.0332,7/15/2002,7/15/2002,0.2,0.1,2,0.1
963,-121.336679,38.683027,6/16/2018,missing date,0.01,0.01,2,0.0
964,-121.649314,39.364146,8/3/2012,missing date,1.5,0.5,2,1.0
965,-121.59611111,39.32111111,4/1/2009,missing date,0.1,0.1,2,0.0
966,-116.86805555,33.92388888,12/3/2006,missing date,1.0,0.1,2,0.9
967,-114.5483,34.7367,10/25/2002,10/25/2002,0.3,0.3,2,0.0
968,-117.235033,33.92455,4/9/2015,4/9/2015,0.25,0.25,2,0.0
969,-121.336582,38.670009,10/17/2010,missing date,0.01,0.01,2,0.0
970,-123.495,39.5,9/3/2003,9/3/2003,0.5,0.3,2,0.2
971,-124.15135,41.077433,6/26/2015,6/26/2015,0.01,0.01,2,0.0
972,-123.7512,41.0832,8/23/2001,8/23/2001,3.0,1.0,2,2.0
973,-124.1561,41.7292,7/5/2018,7/5/2018,0.1,0.1,2,0.0
974,-124.1561,41.7292,7/1/2018,7/1/2018,0.1,0.1,2,0.0
975,-121.5164,41.7425,7/10/2007,7/30/2007,0.1,0.1,2,0.0
976,-121.287,37.992986,4/27/2009,missing date,0.1,0.1,2,0.0
977,-121.59305555,37.09305555,8/5/2001,8/5/2001,3.0,0.5,2,2.5
978,-123.6709,41.0346,7/5/2005,7/5/2005,0.1,0.1,2,0.0
979,-123.130469,39.131561,7/8/2001,7/9/2001,51.0,6.0,2,45.0
980,-119.70305555,36.64888888,7/9/2010,missing date,1.0,1.0,2,0.0
981,-121.59305555,37.09305555,8/8/2001,8/8/2001,0.3,0.3,2,0.0
982,-119.090599,36.274399,7/6/2014,7/6/2014,0.1,0.02,2,0.08
983,-122.31611111,41.28388888,7/4/2002,7/4/2002,0.1,0.1,2,0.0
984,-120.065,36.975,7/3/2004,7/3/2004,0.5,0.1,2,0.4
985,-120.970223,37.658222,7/23/2006,missing date,1.0,0.1,2,0.9
986,-122.083333,38.433333,8/15/2018,missing date,0.01,0.01,2,0.0
987,-121.51805555,37.05,8/22/2002,8/22/2002,0.1,0.1,2,0.0
988,-121.51805555,37.05,9/7/2002,9/7/2002,0.1,0.1,2,0.0
989,-121.19111111,41.03111111,6/23/2008,missing date,4.0,2.0,2,2.0
990,-121.880572,37.597497,9/6/2005,9/6/2005,0.1,0.1,2,0.0
991,-122.325177,38.293353,9/7/2010,missing date,0.25,0.05,2,0.2
992,-117.453748,34.07187,8/13/2020,missing date,1.0,1.0,2,0.0
993,-117.453487,34.124013,10/24/2019,missing date,0.01,0.01,2,0.0
994,-117.072201,32.782548,6/6/2018,missing date,0.1,0.1,2,0.0
995,-121.277926,37.676982,6/3/2018,missing date,0.1,0.1,2,0.0
996,-119.27694444,35.89888888,5/29/2006,5/29/2006,10.0,2.0,2,8.0
997,-119.055739,36.21755,6/15/2004,6/15/2004,130.0,30.0,2,100.0
998,-121.190912,38.820492,7/21/2017,missing date,0.1,0.05,2,0.05
999,-120.975669,38.66385,7/21/2001,7/21/2001,0.1,0.1,2,0.0
1000,-119.732402,37.381133,6/27/2018,6/28/2018,0.17,0.15,2,0.020000000000000018
1001,-122.083333,38.433333,10/2/2018,missing date,1.0,0.1,2,0.9
1002,-123.716117,41.192383,5/12/2013,5/12/2013,3.0,1.0,2,2.0
1003,-120.49388888,37.51388888,11/2/2003,11/2/2003,3.0,1.0,2,2.0
1004,-124.16888888,41.79611111,7/8/2008,missing date,2.0,1.0,2,1.0
1005,-123.19805556,40.36055556,8/5/2012,8/5/2012,0.01,0.01,2,0.0
1006,-121.5179,41.70958,7/9/2001,7/9/2001,0.1,0.1,2,0.0
1007,-117.346198,33.695058,3/30/2018,3/30/2018,1.0,1.0,2,0.0
1008,-121.59305555,37.09305555,8/28/2001,8/28/2001,1.0,0.1,2,0.9
1009,-122.40305555,38.51611111,8/31/2002,8/31/2002,2.0,0.3,2,1.7
1010,-120.86194444,40.345,7/11/2007,missing date,0.1,0.1,2,0.0
1011,-119.08888888,36.39194444,9/4/2006,9/4/2006,11.0,3.0,2,8.0
1012,-119.05388888,36.14611111,6/3/2003,6/3/2003,0.9,0.1,2,0.8
1013,-122.19,39.48,5/3/2004,5/3/2004,1.0,0.5,2,0.5
1014,-119.395,37.14805555,8/12/2006,8/12/2006,0.5,0.1,2,0.4
1015,-122.432336,37.715108,7/8/2017,missing date,4.0,0.13,2,3.87
1016,-121.59305555,37.06388888,8/3/2001,8/3/2001,0.2,0.1,2,0.1
1017,-120.05611111,36.93611111,8/22/2008,missing date,0.1,0.1,2,0.0
1018,-116.198373,33.569276,6/17/2017,6/17/2017,0.2,0.1,2,0.1
1019,-121.43694444,39.54805555,9/23/2006,9/23/2006,1.0,0.5,2,0.5
1020,-122.71916667,41.13416667,7/30/2003,7/31/2003,0.2,0.1,2,0.1
1021,-122.081832,41.697451,9/30/2016,9/30/2016,0.1,0.01,2,0.09000000000000001
1022,-119.054,36.406331,8/5/2004,8/5/2004,0.1,0.1,2,0.0
1023,-121.02694444,38.20194444,11/2/2006,missing date,5.0,1.0,2,4.0
1024,-118.0675,33.9962,2/18/2007,missing date,0.11,0.11,2,0.0
1025,-121.58694444,39.13611111,10/19/2008,missing date,0.1,0.1,2,0.0
1026,-122.43305555,40.00888888,6/2/2001,6/2/2001,1.0,0.1,2,0.9
1027,-122.08129,37.988318,6/22/2020,missing date,0.5,0.01,2,0.49
1028,-120.70388888,35.62388888,9/2/2004,9/2/2004,1.0,1.0,2,0.0
1029,-123.766167,41.241233,6/2/2018,6/3/2018,0.4,0.4,2,0.0
1030,-121.59305555,37.09305555,5/30/2001,5/30/2001,0.2,0.1,2,0.1
1031,-118.0678,33.8766,8/8/2009,missing date,0.11,0.11,2,0.0
1032,-119.27694444,35.885,6/21/2006,6/21/2006,2.0,1.0,2,1.0
1033,-120.270399,36.29338,8/6/2010,missing date,3.0,1.0,2,2.0
1034,-119.09,36.305,7/5/2007,missing date,0.2,0.1,2,0.1
1035,-118.0369,34.569,5/13/2010,missing date,0.11,0.11,2,0.0
1036,-121.988075,38.046298,10/21/2005,missing date,0.1,0.1,2,0.0
1037,-120.97666667,41.60861111,7/10/2001,7/10/2001,0.1,0.1,2,0.0
1038,-122.596711,38.654873,7/24/2014,7/24/2014,0.1,0.1,2,0.0
1039,-119.27694444,35.885,7/11/2005,7/11/2005,0.5,0.3,2,0.2
1040,-119.09111111,36.24611111,6/15/2004,6/15/2004,0.1,0.1,2,0.0
1041,-118.92,36.11694444,7/9/2003,7/9/2003,2.0,2.0,2,0.0
1042,-122.565965,38.792317,9/16/2012,missing date,0.5,0.3,2,0.2
1043,-123.43305555,38.86194444,7/2/2008,missing date,10.0,1.0,2,9.0
1044,-118.333333,34.05,7/5/2019,missing date,0.11,0.11,2,0.0
1045,-121.67888888,39.31194444,6/1/2001,6/1/2001,1.0,0.1,2,0.9
1046,-123.6592,41.0317,7/12/2011,7/12/2011,2.0,0.1,2,1.9
1047,-120.975251,37.649041,7/6/2007,missing date,0.3,0.1,2,0.19999999999999998
1048,-124.1625,40.8022,8/5/2006,8/5/2006,2.0,0.1,2,1.9
1049,-120.802955,38.727653,6/2/2020,missing date,0.17,0.01,2,0.16
1050,-121.287782,37.940627,5/2/2013,missing date,20.0,0.01,2,19.99
1051,-116.8671,33.014919,6/22/2001,6/22/2001,0.2,0.2,2,0.0
1052,-120.5994,41.2749,7/9/2001,7/10/2001,0.2,0.1,2,0.1
1053,-123.77,40.89611111,9/22/2007,missing date,0.1,0.1,2,0.0
1054,-118.1733,33.8045,4/18/2007,missing date,0.11,0.11,2,0.0
1055,-117.13694444,34.27222222,11/30/2006,11/30/2006,0.1,0.1,2,0.0
1056,-121.116893,37.494321,8/10/2020,missing date,1.5,1.0,2,0.5
1057,-120.41,37.09111111,4/27/2004,4/27/2004,6.0,0.1,2,5.9
1058,-119.275,35.88388888,12/4/2006,missing date,1.0,1.0,2,0.0
1059,-121.774593,39.71147,9/1/2012,missing date,3.0,1.0,2,2.0
1060,-120.59611111,36.58305555,5/13/2005,5/13/2005,0.8,0.1,2,0.7000000000000001
1061,-121.58694444,39.135,7/12/2005,7/12/2005,0.3,0.3,2,0.0
1062,-121.68,40.68888888,8/6/2008,missing date,1.0,1.0,2,0.0
1063,-118.90194444,36.015,6/30/2005,6/30/2005,0.5,0.1,2,0.4
1064,-121.77305555,36.93194444,7/12/2002,7/12/2002,0.1,0.1,2,0.0
1065,-120.166666,34.733333,10/19/2020,missing date,1.0,1.0,2,0.0
1066,-119.27710432,35.92831387,5/28/2002,5/28/2002,2.0,0.1,2,1.9
1067,-117.561944,34.3761111,8/5/2010,8/5/2010,1.0,1.0,2,0.0
1068,-116.8675,32.9334,10/7/2002,10/7/2002,1.0,0.1,2,0.9
1069,-117.284119,33.764581,7/18/2004,7/18/2004,0.1,0.1,2,0.0
1070,-121.77305555,39.60305555,6/1/2003,6/1/2003,0.5,0.5,2,0.0
1071,-121.18805555,39.58111111,5/3/2008,missing date,1.5,0.5,2,1.0
1072,-123.20194444,39.70694444,9/3/2003,9/3/2003,1.0,0.1,2,0.9
1073,-118.733333,35.283333,2/27/2020,missing date,1.69,0.5,2,1.19
1074,-122.1,38.433333,6/12/2020,missing date,0.1,0.01,2,0.09000000000000001
1075,-121.363667,38.057723,6/24/2010,missing date,1.0,1.0,2,0.0
1076,-121.279232,37.948802,6/25/2010,missing date,0.1,0.1,2,0.0
1077,-118.0403,34.7045,5/19/2006,missing date,10.0,0.21,2,9.79
1078,-122.4018,40.643119,6/22/2003,6/22/2003,0.1,0.1,2,0.0
1079,-122.92194444,38.31694444,11/7/2006,missing date,0.5,0.3,2,0.2
1080,-117.217511,34.112432,5/23/2017,5/23/2017,0.01,0.01,2,0.0
1081,-120.59666667,41.82944444,7/12/2001,7/12/2001,0.2,0.2,2,0.0
1082,-118.919728,36.01462,5/28/2009,missing date,22.0,1.0,2,21.0
1083,-117.44305555,34.41888888,7/30/2002,7/30/2002,0.5,0.5,2,0.0
1084,-122.246894,38.893736,7/30/2006,7/31/2006,96.0,0.5,2,95.5
1085,-118.3687,33.9621,5/26/2007,missing date,1.21,0.5,2,0.71
1086,-118.0707,34.0909,4/5/2007,missing date,0.11,0.11,2,0.0
1087,-116.88194444,32.845,6/13/2007,missing date,0.3,0.1,2,0.19999999999999998
1088,-122.083333,38.4,6/12/2020,missing date,2.0,1.0,2,1.0
1089,-114.604525,33.654234,7/4/2019,missing date,0.5,0.1,2,0.4
1090,-121.58694444,39.135,8/14/2002,8/14/2002,0.5,0.2,2,0.3
1091,-121.340575,39.551181,9/2/2007,9/2/2007,0.1,0.1,2,0.0
1092,-118.919482,36.053625,11/3/2014,11/3/2014,0.01,0.01,2,0.0
1093,-124.2,41.85611111,9/11/2007,missing date,0.1,0.1,2,0.0
1094,-120.49805555,37.08111111,10/10/2008,missing date,1.0,1.0,2,0.0
1095,-119.2771,35.92831,7/1/2005,7/1/2005,0.1,0.1,2,0.0
1096,-119.95611111,36.91694444,5/23/2004,5/23/2004,0.5,0.1,2,0.4
1097,-120.8025,41.63888889,6/21/2008,6/22/2008,0.1,0.1,2,0.0
1098,-121.58694444,39.135,7/6/2002,7/6/2002,2.0,1.0,2,1.0
1099,-121.344688,39.323696,5/5/2012,missing date,1.0,1.0,2,0.0
1100,-121.58694444,39.135,7/6/2001,7/6/2001,0.3,0.1,2,0.19999999999999998
1101,-118.91888888,36.05888888,5/13/2002,5/13/2002,1.5,0.5,2,1.0
1102,-121.212519,39.432861,8/14/2003,8/14/2003,0.5,0.1,2,0.4
1103,-118.926046,35.383378,6/3/2008,missing date,0.01,0.01,2,0.0
1104,-121.58694444,39.135,7/5/2001,7/5/2001,1.0,0.1,2,0.9
1105,-121.67888888,39.34111111,6/6/2001,6/6/2001,0.1,0.1,2,0.0
1106,-122.1,38.416666,6/4/2020,missing date,0.25,0.01,2,0.24
1107,-120.595286,37.642574,5/13/2019,missing date,10.0,9.0,2,1.0
1108,-120.657412,35.640791,7/25/2020,missing date,0.1,0.1,2,0.0
1109,-123.732483,41.197633,6/14/2013,6/15/2013,1.0,0.4,2,0.6
1110,-116.66166667,33.61638889,7/4/2009,7/4/2009,0.1,0.1,2,0.0
1111,-121.645,39.99694444,9/10/2001,9/10/2001,0.3,0.1,2,0.19999999999999998
1112,-120.91888889,40.55194444,7/8/2006,7/8/2006,0.1,0.1,2,0.0
1113,-121.05111111,38.22888888,7/31/2003,7/31/2003,0.1,0.1,2,0.0
1114,-119.4514,35.1558,7/25/2009,7/25/2009,0.1,0.1,2,0.0
1115,-120.18388889,39.93388889,8/15/2004,8/15/2004,0.1,0.1,2,0.0
1116,-121.916666,38.8,10/20/2019,missing date,0.3,0.3,2,0.0
1117,-116.84888888,32.85194444,7/1/2004,7/1/2004,0.1,0.1,2,0.0
1118,-118.933333,34.716666,6/26/2012,missing date,0.5,0.11,2,0.39
1119,-119.980744,38.929441,9/10/2008,missing date,0.1,0.1,2,0.0
1120,-119.41305555,36.34888888,5/22/2002,5/22/2002,3.0,0.1,2,2.9
1121,-122.066666,38.416666,6/17/2016,missing date,1.0,0.05,2,0.95
1122,-120.48694444,35.03888888,7/30/2010,missing date,0.5,0.1,2,0.4
1123,-120.935631,35.681432,3/6/2012,missing date,75.0,1.0,2,74.0
1124,-120.34,39.34305555,8/15/2008,missing date,1.0,0.1,2,0.9
1125,-121.51194444,39.50388888,8/22/2002,8/22/2002,0.1,0.1,2,0.0
1126,-116.20805555,33.70805555,7/3/2002,7/3/2002,0.5,0.1,2,0.4
1127,-119.115,36.695,9/8/2006,9/8/2006,3.0,1.0,2,2.0
1128,-121.101483,37.083726,7/1/2010,7/1/2010,9.0,0.1,2,8.9
1129,-119.035,36.09805555,6/23/2007,missing date,1.0,0.1,2,0.9
1130,-122.18305555,41.22611111,9/5/2003,9/5/2003,0.3,0.2,2,0.09999999999999998
1131,-120.972187,37.202118,8/5/2007,8/5/2007,1.0,0.1,2,0.9
1132,-120.972187,37.202118,8/4/2007,8/4/2007,0.1,0.1,2,0.0
1133,-123.16277778,40.61888889,9/3/2003,9/3/2003,0.1,0.1,2,0.0
1134,-121.05111111,38.22888888,9/14/2006,9/14/2006,0.4,0.2,2,0.2
1135,-119.417423,36.773129,5/13/2020,missing date,1.5,1.0,2,0.5
1136,-122.250481,40.672981,8/25/2004,8/25/2004,0.7,0.2,2,0.49999999999999994
1137,-120.52194444,35.92805555,7/30/2006,7/30/2006,3.0,0.1,2,2.9
1138,-117.28694444,33.85194444,8/26/2005,8/26/2005,1.0,0.5,2,0.5
1139,-120.5061,40.4832,7/25/2003,7/28/2003,14.0,10.0,2,4.0
1140,-120.77111111,38.345,8/12/2001,8/12/2001,0.3,0.1,2,0.19999999999999998
1141,-119.5806,37.303037,9/30/2015,missing date,0.2,0.1,2,0.1
1142,-117.458523,33.952997,9/5/2005,missing date,1.0,1.0,2,0.0
1143,-119.83111111,36.96694444,7/28/2010,missing date,1.0,0.1,2,0.9
1144,-116.18111111,33.59805555,10/2/2007,missing date,0.1,0.1,2,0.0
1145,-121.59805555,39.335,4/1/2009,missing date,0.1,0.1,2,0.0
1146,-121.58388888,39.13694444,9/7/2008,missing date,0.3,0.1,2,0.19999999999999998
1147,-120.77328,36.97585,7/30/2005,7/30/2005,0.1,0.1,2,0.0
1148,-118.083333,34.133333,1/24/2019,missing date,0.11,0.11,2,0.0
1149,-123.7415,41.1987,2/11/2004,2/11/2004,0.5,0.2,2,0.3
1150,-122.73111111,39.02611111,4/16/2008,missing date,1.0,0.5,2,0.5
1151,-120.15888888,36.13805555,1/16/2007,missing date,100.0,1.0,2,99.0
1152,-123.7087,41.1024,10/6/2004,10/7/2004,1.0,0.5,2,0.5
1153,-122.73111111,38.95888888,9/30/2007,missing date,1.0,0.5,2,0.5
1154,-121.644912,37.964414,7/22/2020,missing date,1.0,0.25,2,0.75
1155,-119.28194444,36.57305555,6/1/2007,missing date,0.1,0.1,2,0.0
1156,-122.1935,37.8859,9/2/2010,missing date,0.2,0.1,2,0.1
1157,-119.376036,36.343597,6/1/2016,missing date,0.1,0.1,2,0.0
1158,-124.125581,41.052381,8/10/2001,8/10/2001,0.1,0.1,2,0.0
1159,-123.6678,41.0499,8/4/2002,8/4/2002,1.0,0.2,2,0.8
1160,-121.34937,38.868088,8/7/2018,8/7/2018,1.5,1.0,2,0.5
1161,-122.44805555,38.15194444,5/16/2007,missing date,25.0,0.2,2,24.8
1162,-123.6678,41.0665,6/28/2003,6/28/2003,0.1,0.1,2,0.0
1163,-118.05,34.116666,8/2/2019,missing date,0.11,0.11,2,0.0
1164,-123.78388888,41.27194444,10/5/2003,10/5/2003,3.0,1.0,2,2.0
1165,-120.52388888,38.38111111,7/16/2008,missing date,0.1,0.1,2,0.0
1166,-123.094289,39.102461,8/5/2004,8/5/2004,1.0,0.1,2,0.9
1167,-120.972187,37.202118,8/16/2007,8/16/2007,0.3,0.1,2,0.19999999999999998
1168,-121.995839,36.984852,3/20/2010,missing date,0.01,0.01,2,0.0
1169,-121.333729,37.960664,10/20/2018,missing date,0.5,0.01,2,0.49
1170,-122.308504,37.911255,5/14/2013,missing date,0.11,0.01,2,0.1
1171,-121.05194444,38.935,7/30/2004,7/30/2004,0.1,0.1,2,0.0
1172,-116.43211,33.92494,9/27/2009,9/27/2009,0.1,0.1,2,0.0
1173,-116.97111111,32.71694444,11/16/2008,missing date,1.0,0.3,2,0.7
1174,-120.15694444,37.14888888,9/29/2002,9/29/2002,2.0,0.8,2,1.2
1175,-119.29611111,36.53805555,9/11/2001,9/11/2001,0.3,0.1,2,0.19999999999999998
1176,-120.97222222,39.90555556,7/29/2017,8/16/2017,4310.0,40.0,2,4270.0
1177,-122.066666,38.45,7/4/2020,missing date,0.1,0.1,2,0.0
1178,-121.11166667,41.49277778,7/24/2003,7/24/2003,0.25,0.25,2,0.0
1179,-122.066666,38.45,7/11/2020,missing date,0.1,0.01,2,0.09000000000000001
1180,-116.238233,33.71475,8/6/2013,8/6/2013,0.1,0.1,2,0.0
1181,-117.54888888,33.975,12/4/2006,missing date,1.0,0.1,2,0.9
1182,-117.063865,32.593564,7/21/2005,missing date,0.3,0.2,2,0.09999999999999998
1183,-118.3,34.05,7/5/2019,missing date,0.11,0.11,2,0.0
1184,-118.01805556,34.38472222,8/6/2005,8/6/2005,0.1,0.1,2,0.0
1185,-121.01694444,38.84888888,9/10/2003,9/10/2003,0.5,0.5,2,0.0
1186,-121.333846,38.797897,7/4/2020,missing date,1.0,1.0,2,0.0
1187,-121.588419,39.922581,5/3/2004,5/3/2004,0.3,0.3,2,0.0
1188,-122.20166667,40.73555556,9/3/2002,9/3/2002,1.0,0.1,2,0.9
1189,-122.066666,38.416666,7/27/2016,missing date,0.15,0.01,2,0.13999999999999999
1190,-123.16866,39.796756,4/30/2011,missing date,1.0,1.0,2,0.0
1191,-119.716,36.8229,6/24/2011,missing date,0.01,0.01,2,0.0
1192,-119.280864,36.322954,6/26/2018,missing date,0.1,0.01,2,0.09000000000000001
1193,-120.41611111,37.96694444,3/28/2008,missing date,1.0,1.0,2,0.0
1194,-116.85,33.04388888,7/8/2001,7/8/2001,2.0,2.0,2,0.0
1195,-120.790671,38.724548,11/24/2020,missing date,3.29,0.2,2,3.09
1196,-116.7167,33.3333,9/2/2006,9/2/2006,1.0,0.4,2,0.6
1197,-120.71805555,38.80111111,3/1/2002,3/1/2002,3.0,0.2,2,2.8
1198,-121.282503,38.678332,8/22/2018,missing date,0.01,0.01,2,0.0
1199,-121.584317,37.76445,5/30/2018,5/31/2018,118.23,2.9,2,115.33
1200,-122.066666,38.416666,7/4/2016,missing date,2.0,0.01,2,1.99
1201,-120.634956,38.132558,9/15/2005,9/15/2005,3.0,2.0,2,1.0
1202,-121.589039,39.821111,5/5/2001,5/5/2001,0.1,0.1,2,0.0
1203,-116.53088,33.823208,7/31/2011,missing date,1.02,0.01,2,1.01
1204,-121.05194444,38.24305555,8/7/2006,8/7/2006,1.0,0.3,2,0.7
1205,-123.093761,38.41935,10/11/2004,10/11/2004,2.0,1.0,2,1.0
1206,-122.73194444,39.03388888,9/2/2004,9/2/2004,2.0,1.0,2,1.0
1207,-121.64535,39.909489,7/3/2001,7/3/2001,0.1,0.1,2,0.0
1208,-118.7944,36.0253,7/10/2006,7/10/2006,0.3,0.3,2,0.0
1209,-123.6678,41.0665,9/21/2002,9/21/2002,5.0,1.0,2,4.0
1210,-122.066666,38.416666,8/3/2020,missing date,0.1,0.01,2,0.09000000000000001
1211,-118.5239,34.4148,8/3/2011,missing date,0.11,0.11,2,0.0
1212,-120.77388888,36.85,9/1/2007,missing date,1.0,1.0,2,0.0
1213,-121.542147,39.325857,6/12/2017,6/12/2017,2.0,0.25,2,1.75
1214,-120.980421,37.69987,6/2/2006,missing date,0.2,0.1,2,0.1
1215,-122.45175,38.15978,6/25/2011,missing date,0.5,0.1,2,0.4
1216,-121.290498,37.950547,8/28/2009,missing date,0.1,0.1,2,0.0
1217,-121.053239,39.006027,4/27/2019,missing date,0.2,0.13,2,0.07
1218,-121.11,35.815,6/18/2001,6/18/2001,0.5,0.1,2,0.4
1219,-117.155856,32.714649,11/20/2005,missing date,0.1,0.1,2,0.0
1220,-120.86,35.95888888,9/4/2001,9/4/2001,10.0,1.0,2,9.0
1221,-121.442628,39.190511,7/17/2006,7/17/2006,7.0,5.0,2,2.0
1222,-124.1461,41.7044,7/3/2015,7/3/2015,0.1,0.1,2,0.0
1223,-120.503899,38.090613,6/13/2012,missing date,0.25,0.1,2,0.15
1224,-122.18111111,38.17888888,8/2/2006,8/2/2006,2.0,1.0,2,1.0
1225,-118.0808,33.9202,9/13/2005,missing date,1.0,0.11,2,0.89
1226,-121.36888889,41.78305556,7/15/2011,7/23/2011,1194.0,5.0,2,1189.0
1227,-121.6614,38.0744,7/3/2010,missing date,5.0,2.0,2,3.0
1228,-118.0219,34.5726,8/5/2007,missing date,0.11,0.11,2,0.0
1229,-122.45175,38.15978,5/20/2007,5/20/2007,0.1,0.1,2,0.0
1230,-120.05941312,39.97668864,9/13/2020,9/14/2020,0.1,0.1,2,0.0
1231,-117.46,34.44805555,7/24/2004,7/24/2004,0.2,0.1,2,0.1
1232,-120.85694444,38.12111111,8/16/2007,missing date,0.2,0.1,2,0.1
1233,-123.10138889,40.36694444,9/4/2003,9/4/2003,0.25,0.25,2,0.0
1234,-122.253133,38.901753,10/11/2005,10/11/2005,20.0,19.0,2,1.0
1235,-121.290497,38.720525,8/18/2011,missing date,0.01,0.01,2,0.0
1236,-120.41777778,39.81861111,7/21/2002,7/21/2002,0.1,0.1,2,0.0
1237,-120.790671,38.724548,9/8/2019,missing date,4.0,0.2,2,3.8
1238,-121.51194444,39.38805555,7/13/2005,7/13/2005,7.0,1.0,2,6.0
1239,-122.58305555,38.80694444,11/16/2005,11/16/2005,0.2,0.2,2,0.0
1240,-122.396548,40.581405,5/4/2010,missing date,0.1,0.1,2,0.0
1241,-119.45577287,36.00024251,5/4/2002,5/4/2002,0.1,0.1,2,0.0
1242,-116.534812,33.831265,5/17/2013,missing date,0.01,0.01,2,0.0
1243,-123.65222222,41.3925,7/23/2002,7/23/2002,2.0,2.0,2,0.0
1244,-117.8517,33.7544,6/1/2011,missing date,0.1,0.1,2,0.0
1245,-121.44,39.64805555,6/22/2002,6/22/2002,2.0,1.0,2,1.0
1246,-121.982577,37.563716,8/2/2016,missing date,1.25,0.25,2,1.0
1247,-121.648,39.828333,7/21/2018,7/21/2018,0.1,0.07,2,0.03
1248,-123.785,40.91888888,9/3/2005,9/3/2005,5.0,1.0,2,4.0
1249,-121.79395,40.523581,9/18/2002,9/18/2002,0.5,0.1,2,0.4
1250,-124.1461,41.7044,7/5/2015,7/5/2015,0.1,0.1,2,0.0
1251,-121.510819,39.221813,8/16/2012,missing date,0.25,0.2,2,0.04999999999999999
1252,-118.898199,35.891563,10/21/2012,missing date,12.0,0.5,2,11.5
1253,-124.24611111,40.59888888,8/5/2001,8/5/2001,0.1,0.1,2,0.0
1254,-121.87194444,39.77611111,7/20/2005,7/20/2005,0.1,0.1,2,0.0
1255,-122.45175,38.15978,6/28/2015,missing date,0.01,0.01,2,0.0
1256,-122.705071,38.432174,8/19/2007,missing date,0.1,0.1,2,0.0
1257,-119.07111111,36.36194444,6/19/2001,6/19/2001,0.5,0.1,2,0.4
1258,-120.32483,37.295379,8/30/2017,8/30/2017,0.5,0.2,2,0.3
1259,-120.521766,37.328667,8/21/2016,8/21/2016,0.5,0.41,2,0.09000000000000002
1260,-121.68611111,40.70111111,8/7/2008,missing date,1.0,1.0,2,0.0
1261,-121.283378,37.983113,9/1/2010,missing date,0.01,0.01,2,0.0
